idx,n,ngold,nchunks,cc_r1,cc_r5,cc_r10,cc_ndcg,pc_r1,pc_r5,pc_r10,pc_ndcg,q_r1,q_r5,q_r10,q_ndcg,q_method,g_r1,g_r5,g_r10,g_ndcg,g_method,winner
0,53,1,1246,1.0,1.0,1.0,1.0,0.0,0.0,1.0,0.3562071871080222,1.0,1.0,1.0,1.0,qaoa,1.0,1.0,1.0,1.0,qaoa,tie
1,45,1,1241,1.0,1.0,1.0,1.0,0.0,0.0,0.0,0.0,1.0,1.0,1.0,1.0,greedy,1.0,1.0,1.0,1.0,greedy,tie
2,50,1,1285,1.0,1.0,1.0,1.0,1.0,1.0,1.0,1.0,1.0,1.0,1.0,1.0,qaoa,1.0,1.0,1.0,1.0,qaoa,tie
3,57,1,1255,1.0,1.0,1.0,1.0,0.0,0.0,1.0,0.3333333333333333,1.0,1.0,1.0,1.0,qaoa,1.0,1.0,1.0,1.0,qaoa,tie
4,50,1,1272,1.0,1.0,1.0,1.0,0.0,1.0,1.0,0.43067655807339306,1.0,1.0,1.0,1.0,qaoa,1.0,1.0,1.0,1.0,qaoa,tie
5,44,1,1248,1.0,1.0,1.0,1.0,1.0,1.0,1.0,1.0,1.0,1.0,1.0,1.0,greedy,1.0,1.0,1.0,1.0,greedy,tie
6,51,1,1246,1.0,1.0,1.0,1.0,1.0,1.0,1.0,1.0,1.0,1.0,1.0,1.0,qaoa,1.0,1.0,1.0,1.0,qaoa,tie
7,50,1,1297,1.0,1.0,1.0,1.0,0.0,1.0,1.0,0.6309297535714575,1.0,1.0,1.0,1.0,greedy,1.0,1.0,1.0,1.0,greedy,tie
8,50,1,1236,1.0,1.0,1.0,1.0,0.0,1.0,1.0,0.6309297535714575,1.0,1.0,1.0,1.0,greedy,1.0,1.0,1.0,1.0,greedy,tie
9,46,1,1253,1.0,1.0,1.0,1.0,0.0,1.0,1.0,0.6309297535714575,1.0,1.0,1.0,1.0,greedy,1.0,1.0,1.0,1.0,greedy,tie
10,53,1,1272,0.0,0.0,1.0,0.3562071871080222,0.0,0.0,1.0,0.3562071871080222,0.0,0.0,1.0,0.2890648263178879,qaoa,0.0,0.0,1.0,0.2890648263178879,qaoa,tie
11,45,1,1270,1.0,1.0,1.0,1.0,1.0,1.0,1.0,1.0,1.0,1.0,1.0,1.0,greedy,1.0,1.0,1.0,1.0,greedy,tie
12,46,1,1242,1.0,1.0,1.0,1.0,1.0,1.0,1.0,1.0,1.0,1.0,1.0,1.0,qaoa,1.0,1.0,1.0,1.0,qaoa,tie
13,50,1,1233,1.0,1.0,1.0,1.0,0.0,0.0,1.0,0.3010299956639812,1.0,1.0,1.0,1.0,greedy,1.0,1.0,1.0,1.0,greedy,tie
14,48,1,1238,0.0,0.0,1.0,0.31546487678572877,0.0,0.0,0.0,0.0,0.0,0.0,1.0,0.3010299956639812,qaoa,0.0,0.0,1.0,0.3010299956639812,qaoa,tie
15,49,1,1252,1.0,1.0,1.0,1.0,1.0,1.0,1.0,1.0,1.0,1.0,1.0,1.0,greedy,1.0,1.0,1.0,1.0,greedy,tie
16,50,1,1237,1.0,1.0,1.0,1.0,1.0,1.0,1.0,1.0,1.0,1.0,1.0,1.0,qaoa,1.0,1.0,1.0,1.0,qaoa,tie
17,44,1,1235,1.0,1.0,1.0,1.0,0.0,1.0,1.0,0.6309297535714575,1.0,1.0,1.0,1.0,qaoa,1.0,1.0,1.0,1.0,qaoa,tie
18,50,1,1231,1.0,1.0,1.0,1.0,1.0,1.0,1.0,1.0,1.0,1.0,1.0,1.0,greedy,1.0,1.0,1.0,1.0,greedy,tie
19,49,1,1228,1.0,1.0,1.0,1.0,1.0,1.0,1.0,1.0,1.0,1.0,1.0,1.0,greedy,1.0,1.0,1.0,1.0,greedy,tie
20,52,1,1269,1.0,1.0,1.0,1.0,1.0,1.0,1.0,1.0,1.0,1.0,1.0,1.0,greedy,1.0,1.0,1.0,1.0,greedy,tie
21,48,1,1260,1.0,1.0,1.0,1.0,1.0,1.0,1.0,1.0,1.0,1.0,1.0,1.0,greedy,1.0,1.0,1.0,1.0,greedy,tie
22,50,1,1279,1.0,1.0,1.0,1.0,1.0,1.0,1.0,1.0,1.0,1.0,1.0,1.0,greedy,1.0,1.0,1.0,1.0,greedy,tie
23,52,1,1257,1.0,1.0,1.0,1.0,1.0,1.0,1.0,1.0,1.0,1.0,1.0,1.0,qaoa,1.0,1.0,1.0,1.0,qaoa,tie
24,50,1,1232,1.0,1.0,1.0,1.0,1.0,1.0,1.0,1.0,1.0,1.0,1.0,1.0,greedy,1.0,1.0,1.0,1.0,greedy,tie
25,46,1,1265,1.0,1.0,1.0,1.0,1.0,1.0,1.0,1.0,1.0,1.0,1.0,1.0,qaoa,1.0,1.0,1.0,1.0,qaoa,tie
26,50,1,1218,1.0,1.0,1.0,1.0,1.0,1.0,1.0,1.0,1.0,1.0,1.0,1.0,qaoa,1.0,1.0,1.0,1.0,qaoa,tie
27,52,1,1256,1.0,1.0,1.0,1.0,0.0,1.0,1.0,0.6309297535714575,1.0,1.0,1.0,1.0,greedy,1.0,1.0,1.0,1.0,greedy,tie
28,53,1,1286,1.0,1.0,1.0,1.0,1.0,1.0,1.0,1.0,1.0,1.0,1.0,1.0,qaoa,1.0,1.0,1.0,1.0,qaoa,tie
29,49,1,1239,1.0,1.0,1.0,1.0,1.0,1.0,1.0,1.0,1.0,1.0,1.0,1.0,qaoa,1.0,1.0,1.0,1.0,qaoa,tie
30,41,1,1181,1.0,1.0,1.0,1.0,0.0,1.0,1.0,0.6309297535714575,1.0,1.0,1.0,1.0,greedy,1.0,1.0,1.0,1.0,greedy,tie
31,52,1,1263,0.0,1.0,1.0,0.6309297535714575,0.0,0.0,0.0,0.0,0.0,0.0,1.0,0.3333333333333333,qaoa,0.0,0.0,1.0,0.3333333333333333,qaoa,chunked_cosine
32,45,1,1254,1.0,1.0,1.0,1.0,1.0,1.0,1.0,1.0,1.0,1.0,1.0,1.0,greedy,1.0,1.0,1.0,1.0,greedy,tie
33,43,1,1273,1.0,1.0,1.0,1.0,1.0,1.0,1.0,1.0,1.0,1.0,1.0,1.0,greedy,1.0,1.0,1.0,1.0,greedy,tie
34,42,1,1247,0.0,1.0,1.0,0.6309297535714575,0.0,1.0,1.0,0.6309297535714575,0.0,1.0,1.0,0.6309297535714575,greedy,0.0,1.0,1.0,0.6309297535714575,greedy,tie
35,51,1,1247,1.0,1.0,1.0,1.0,0.0,1.0,1.0,0.5,1.0,1.0,1.0,1.0,qaoa,1.0,1.0,1.0,1.0,qaoa,tie
36,52,1,1280,1.0,1.0,1.0,1.0,1.0,1.0,1.0,1.0,1.0,1.0,1.0,1.0,greedy,1.0,1.0,1.0,1.0,greedy,tie
37,47,1,1268,1.0,1.0,1.0,1.0,0.0,1.0,1.0,0.43067655807339306,1.0,1.0,1.0,1.0,qaoa,1.0,1.0,1.0,1.0,qaoa,tie
38,46,1,1281,0.0,1.0,1.0,0.6309297535714575,0.0,0.0,0.0,0.0,0.0,0.0,1.0,0.3562071871080222,qaoa,0.0,0.0,1.0,0.3562071871080222,qaoa,chunked_cosine
39,51,1,1315,1.0,1.0,1.0,1.0,1.0,1.0,1.0,1.0,1.0,1.0,1.0,1.0,greedy,1.0,1.0,1.0,1.0,greedy,tie
40,47,1,1250,1.0,1.0,1.0,1.0,1.0,1.0,1.0,1.0,1.0,1.0,1.0,1.0,greedy,1.0,1.0,1.0,1.0,greedy,tie
41,53,1,1246,1.0,1.0,1.0,1.0,1.0,1.0,1.0,1.0,1.0,1.0,1.0,1.0,greedy,1.0,1.0,1.0,1.0,greedy,tie
42,48,1,1257,1.0,1.0,1.0,1.0,1.0,1.0,1.0,1.0,1.0,1.0,1.0,1.0,greedy,1.0,1.0,1.0,1.0,greedy,tie
43,46,1,1248,1.0,1.0,1.0,1.0,1.0,1.0,1.0,1.0,1.0,1.0,1.0,1.0,qaoa,1.0,1.0,1.0,1.0,qaoa,tie
44,51,1,1249,1.0,1.0,1.0,1.0,1.0,1.0,1.0,1.0,1.0,1.0,1.0,1.0,qaoa,1.0,1.0,1.0,1.0,qaoa,tie
45,46,1,1222,1.0,1.0,1.0,1.0,1.0,1.0,1.0,1.0,1.0,1.0,1.0,1.0,greedy,1.0,1.0,1.0,1.0,greedy,tie
46,43,1,1235,1.0,1.0,1.0,1.0,1.0,1.0,1.0,1.0,1.0,1.0,1.0,1.0,qaoa,1.0,1.0,1.0,1.0,qaoa,tie
47,55,1,1259,1.0,1.0,1.0,1.0,1.0,1.0,1.0,1.0,1.0,1.0,1.0,1.0,greedy,1.0,1.0,1.0,1.0,greedy,tie
48,44,1,1226,1.0,1.0,1.0,1.0,0.0,1.0,1.0,0.6309297535714575,1.0,1.0,1.0,1.0,greedy,1.0,1.0,1.0,1.0,greedy,tie
49,51,1,1232,1.0,1.0,1.0,1.0,1.0,1.0,1.0,1.0,1.0,1.0,1.0,1.0,qaoa,1.0,1.0,1.0,1.0,qaoa,tie
50,48,1,1246,1.0,1.0,1.0,1.0,0.0,1.0,1.0,0.5,0.0,0.0,1.0,0.3562071871080222,qaoa,0.0,0.0,1.0,0.3562071871080222,qaoa,chunked_cosine
51,43,1,1218,1.0,1.0,1.0,1.0,1.0,1.0,1.0,1.0,1.0,1.0,1.0,1.0,greedy,1.0,1.0,1.0,1.0,greedy,tie
52,48,1,1220,1.0,1.0,1.0,1.0,1.0,1.0,1.0,1.0,1.0,1.0,1.0,1.0,qaoa,1.0,1.0,1.0,1.0,qaoa,tie
53,52,1,1308,1.0,1.0,1.0,1.0,1.0,1.0,1.0,1.0,1.0,1.0,1.0,1.0,greedy,1.0,1.0,1.0,1.0,greedy,tie
54,46,1,1234,1.0,1.0,1.0,1.0,0.0,1.0,1.0,0.43067655807339306,1.0,1.0,1.0,1.0,greedy,1.0,1.0,1.0,1.0,greedy,tie
55,50,1,1261,1.0,1.0,1.0,1.0,1.0,1.0,1.0,1.0,1.0,1.0,1.0,1.0,greedy,1.0,1.0,1.0,1.0,greedy,tie
56,47,1,1212,1.0,1.0,1.0,1.0,1.0,1.0,1.0,1.0,1.0,1.0,1.0,1.0,qaoa,1.0,1.0,1.0,1.0,qaoa,tie
57,45,1,1214,1.0,1.0,1.0,1.0,1.0,1.0,1.0,1.0,1.0,1.0,1.0,1.0,greedy,1.0,1.0,1.0,1.0,greedy,tie
58,46,1,1285,1.0,1.0,1.0,1.0,1.0,1.0,1.0,1.0,1.0,1.0,1.0,1.0,greedy,1.0,1.0,1.0,1.0,greedy,tie
59,52,1,1274,1.0,1.0,1.0,1.0,0.0,1.0,1.0,0.6309297535714575,1.0,1.0,1.0,1.0,greedy,1.0,1.0,1.0,1.0,greedy,tie
60,51,1,1276,1.0,1.0,1.0,1.0,0.0,1.0,1.0,0.6309297535714575,1.0,1.0,1.0,1.0,qaoa,1.0,1.0,1.0,1.0,qaoa,tie
61,55,1,1243,1.0,1.0,1.0,1.0,1.0,1.0,1.0,1.0,1.0,1.0,1.0,1.0,qaoa,1.0,1.0,1.0,1.0,qaoa,tie
62,55,1,1225,1.0,1.0,1.0,1.0,1.0,1.0,1.0,1.0,0.0,0.0,1.0,0.3562071871080222,qaoa,0.0,0.0,1.0,0.3562071871080222,qaoa,chunked_cosine
63,47,1,1269,1.0,1.0,1.0,1.0,0.0,1.0,1.0,0.5,1.0,1.0,1.0,1.0,greedy,1.0,1.0,1.0,1.0,greedy,tie
64,52,1,1238,1.0,1.0,1.0,1.0,1.0,1.0,1.0,1.0,0.0,0.0,1.0,0.3562071871080222,qaoa,0.0,0.0,1.0,0.3562071871080222,qaoa,chunked_cosine
65,50,1,1221,1.0,1.0,1.0,1.0,1.0,1.0,1.0,1.0,1.0,1.0,1.0,1.0,greedy,1.0,1.0,1.0,1.0,greedy,tie
66,47,1,1269,1.0,1.0,1.0,1.0,1.0,1.0,1.0,1.0,1.0,1.0,1.0,1.0,greedy,1.0,1.0,1.0,1.0,greedy,tie
67,50,1,1235,1.0,1.0,1.0,1.0,0.0,1.0,1.0,0.6309297535714575,1.0,1.0,1.0,1.0,greedy,1.0,1.0,1.0,1.0,greedy,tie
68,50,1,1289,1.0,1.0,1.0,1.0,1.0,1.0,1.0,1.0,1.0,1.0,1.0,1.0,greedy,1.0,1.0,1.0,1.0,greedy,tie
69,50,1,1270,0.0,0.0,0.0,0.0,0.0,0.0,0.0,0.0,0.0,0.0,0.0,0.0,greedy,0.0,0.0,0.0,0.0,greedy,tie
70,44,3,1270,1.0,1.0,1.0,0.9060254355346823,1.0,1.0,1.0,1.0,1.0,1.0,1.0,1.0,greedy,1.0,1.0,1.0,1.0,greedy,tie
71,47,4,1203,0.0,1.0,1.0,0.5981109640835669,0.0,1.0,1.0,0.44927383782962327,0.0,1.0,1.0,0.7224650913568336,greedy,0.0,1.0,1.0,0.7224650913568336,greedy,tie
72,47,4,1249,1.0,1.0,1.0,1.0,1.0,1.0,1.0,1.0,1.0,1.0,1.0,1.0,greedy,1.0,1.0,1.0,1.0,greedy,tie
73,52,3,1269,1.0,1.0,1.0,1.0,1.0,1.0,1.0,1.0,1.0,1.0,1.0,1.0,greedy,1.0,1.0,1.0,1.0,greedy,tie
74,47,2,1220,1.0,1.0,1.0,1.0,1.0,1.0,1.0,1.0,1.0,1.0,1.0,1.0,qaoa,1.0,1.0,1.0,1.0,qaoa,tie
75,48,3,1262,1.0,1.0,1.0,1.0,1.0,1.0,1.0,1.0,1.0,1.0,1.0,1.0,greedy,1.0,1.0,1.0,1.0,greedy,tie
76,48,4,1258,1.0,1.0,1.0,1.0,1.0,1.0,1.0,1.0,1.0,1.0,1.0,1.0,greedy,1.0,1.0,1.0,1.0,greedy,tie
77,47,3,1207,1.0,1.0,1.0,0.9674679834891693,1.0,1.0,1.0,1.0,1.0,1.0,1.0,1.0,greedy,1.0,1.0,1.0,1.0,greedy,tie
78,45,3,1247,1.0,1.0,1.0,1.0,1.0,1.0,1.0,1.0,1.0,1.0,1.0,1.0,greedy,1.0,1.0,1.0,1.0,greedy,tie
79,49,2,1260,1.0,1.0,1.0,0.9197207891481876,0.0,1.0,1.0,0.6934264036172708,1.0,1.0,1.0,0.9197207891481876,greedy,1.0,1.0,1.0,0.9197207891481876,greedy,tie
80,49,4,1267,1.0,1.0,1.0,1.0,1.0,1.0,1.0,1.0,1.0,1.0,1.0,1.0,greedy,1.0,1.0,1.0,1.0,greedy,tie
81,48,3,1266,1.0,1.0,1.0,1.0,1.0,1.0,1.0,1.0,1.0,1.0,1.0,1.0,greedy,1.0,1.0,1.0,1.0,greedy,tie
82,41,2,1220,1.0,1.0,1.0,0.9197207891481876,1.0,1.0,1.0,0.8772153153380493,1.0,1.0,1.0,0.9197207891481876,greedy,1.0,1.0,1.0,0.9197207891481876,greedy,tie
83,50,3,1281,1.0,1.0,1.0,1.0,1.0,1.0,1.0,1.0,1.0,1.0,1.0,1.0,greedy,1.0,1.0,1.0,1.0,greedy,tie
84,47,3,1263,1.0,1.0,1.0,1.0,1.0,1.0,1.0,1.0,1.0,1.0,1.0,1.0,greedy,1.0,1.0,1.0,1.0,greedy,tie
85,38,5,1222,1.0,1.0,1.0,1.0,1.0,1.0,1.0,1.0,1.0,1.0,1.0,1.0,greedy,1.0,1.0,1.0,1.0,greedy,tie
86,46,3,1260,1.0,1.0,1.0,1.0,1.0,1.0,1.0,1.0,1.0,1.0,1.0,1.0,greedy,1.0,1.0,1.0,1.0,greedy,tie
87,54,4,1233,1.0,1.0,1.0,1.0,1.0,1.0,1.0,1.0,1.0,1.0,1.0,1.0,greedy,1.0,1.0,1.0,1.0,greedy,tie
88,46,4,1260,1.0,1.0,1.0,1.0,1.0,1.0,1.0,1.0,1.0,1.0,1.0,1.0,greedy,1.0,1.0,1.0,1.0,greedy,tie
89,45,4,1283,1.0,1.0,1.0,0.9828920819566879,1.0,1.0,1.0,1.0,1.0,1.0,1.0,1.0,greedy,1.0,1.0,1.0,1.0,greedy,tie
90,46,3,1262,1.0,1.0,1.0,0.9674679834891693,1.0,1.0,1.0,0.9060254355346823,1.0,1.0,1.0,1.0,greedy,1.0,1.0,1.0,1.0,greedy,tie
91,51,4,1247,1.0,1.0,1.0,0.8927537907700456,1.0,1.0,1.0,0.9267582364714125,1.0,1.0,1.0,1.0,greedy,1.0,1.0,1.0,1.0,greedy,tie
92,44,5,1273,1.0,1.0,1.0,1.0,1.0,1.0,1.0,1.0,1.0,1.0,1.0,1.0,greedy,1.0,1.0,1.0,1.0,greedy,tie
93,47,3,1235,1.0,1.0,1.0,1.0,1.0,1.0,1.0,1.0,1.0,1.0,1.0,1.0,greedy,1.0,1.0,1.0,1.0,greedy,tie
94,47,3,1265,1.0,1.0,1.0,1.0,1.0,1.0,1.0,1.0,1.0,1.0,1.0,1.0,greedy,1.0,1.0,1.0,1.0,greedy,tie
95,45,3,1301,1.0,1.0,1.0,1.0,1.0,1.0,1.0,1.0,1.0,1.0,1.0,1.0,greedy,1.0,1.0,1.0,1.0,greedy,tie
96,53,4,1265,1.0,1.0,1.0,1.0,0.0,1.0,1.0,0.7606395682357036,1.0,1.0,1.0,1.0,greedy,1.0,1.0,1.0,1.0,greedy,tie
97,41,2,1203,1.0,1.0,1.0,1.0,1.0,1.0,1.0,1.0,1.0,1.0,1.0,1.0,greedy,1.0,1.0,1.0,1.0,greedy,tie
98,47,4,1272,1.0,1.0,1.0,1.0,1.0,1.0,1.0,0.9828920819566879,1.0,1.0,1.0,1.0,greedy,1.0,1.0,1.0,1.0,greedy,tie
99,45,3,1240,0.0,1.0,1.0,0.7328286204777911,1.0,1.0,1.0,1.0,0.0,1.0,1.0,0.7328286204777911,greedy,0.0,1.0,1.0,0.7328286204777911,greedy,tie
100,47,3,1276,1.0,1.0,1.0,1.0,1.0,1.0,1.0,1.0,1.0,1.0,1.0,1.0,greedy,1.0,1.0,1.0,1.0,greedy,tie
101,51,2,1187,1.0,1.0,1.0,1.0,1.0,1.0,1.0,1.0,1.0,1.0,1.0,1.0,greedy,1.0,1.0,1.0,1.0,greedy,tie
102,42,5,1204,1.0,1.0,1.0,0.9896062251871524,1.0,1.0,1.0,0.9434732991210639,1.0,1.0,1.0,0.9565912771023181,greedy,1.0,1.0,1.0,0.9565912771023181,greedy,tie
103,49,2,1275,1.0,1.0,1.0,1.0,1.0,1.0,1.0,1.0,1.0,1.0,1.0,1.0,greedy,1.0,1.0,1.0,1.0,greedy,tie
104,47,4,1235,1.0,1.0,1.0,0.9058653015743079,1.0,1.0,1.0,0.8756458727267334,1.0,1.0,1.0,1.0,greedy,1.0,1.0,1.0,1.0,greedy,tie
105,51,2,1265,1.0,1.0,1.0,0.9197207891481876,1.0,1.0,1.0,1.0,1.0,1.0,1.0,1.0,greedy,1.0,1.0,1.0,1.0,greedy,tie
106,44,3,1280,1.0,1.0,1.0,1.0,1.0,1.0,1.0,1.0,1.0,1.0,1.0,1.0,greedy,1.0,1.0,1.0,1.0,greedy,tie
107,48,3,1245,1.0,1.0,1.0,0.6508205185601091,0.0,1.0,1.0,0.5847876649948583,1.0,1.0,1.0,1.0,greedy,1.0,1.0,1.0,1.0,greedy,tie
108,45,3,1185,1.0,1.0,1.0,1.0,1.0,1.0,1.0,1.0,1.0,1.0,1.0,1.0,qaoa,1.0,1.0,1.0,1.0,qaoa,tie
109,44,5,1224,1.0,1.0,1.0,1.0,1.0,1.0,1.0,1.0,1.0,1.0,1.0,1.0,greedy,1.0,1.0,1.0,1.0,greedy,tie
110,45,3,1258,1.0,1.0,1.0,1.0,1.0,1.0,1.0,1.0,1.0,1.0,1.0,1.0,greedy,1.0,1.0,1.0,1.0,greedy,tie
111,46,4,1261,1.0,1.0,1.0,1.0,1.0,1.0,1.0,1.0,1.0,1.0,1.0,1.0,greedy,1.0,1.0,1.0,1.0,greedy,tie
112,42,3,1213,1.0,1.0,1.0,1.0,1.0,1.0,1.0,1.0,1.0,1.0,1.0,1.0,greedy,1.0,1.0,1.0,1.0,greedy,tie
113,46,5,1249,1.0,1.0,1.0,1.0,1.0,1.0,1.0,0.9669850519151656,1.0,1.0,1.0,0.9747429528567877,greedy,1.0,1.0,1.0,0.9747429528567877,greedy,tie
114,46,4,1272,1.0,1.0,1.0,1.0,1.0,1.0,1.0,0.9447176050778178,1.0,1.0,1.0,0.9709286432396581,qaoa,1.0,1.0,1.0,0.9709286432396581,qaoa,tie
115,48,4,1242,1.0,1.0,1.0,0.9828920819566879,1.0,1.0,1.0,0.75369761125927,1.0,1.0,1.0,0.9828920819566879,greedy,1.0,1.0,1.0,0.9828920819566879,greedy,tie
116,46,2,1240,1.0,1.0,1.0,1.0,1.0,1.0,1.0,1.0,1.0,1.0,1.0,1.0,greedy,1.0,1.0,1.0,1.0,greedy,tie
117,44,2,1252,1.0,1.0,1.0,0.6131471927654584,1.0,1.0,1.0,0.6131471927654584,0.0,0.0,1.0,0.21840743681816419,qaoa,0.0,0.0,1.0,0.21840743681816419,qaoa,chunked_cosine
118,45,4,1259,0.0,1.0,1.0,0.7606395682357036,0.0,1.0,1.0,0.7397466333385988,0.0,1.0,1.0,0.7606395682357036,greedy,0.0,1.0,1.0,0.7606395682357036,greedy,tie
119,47,3,1282,1.0,1.0,1.0,1.0,1.0,1.0,1.0,1.0,1.0,1.0,1.0,1.0,greedy,1.0,1.0,1.0,1.0,greedy,tie
120,51,4,1276,1.0,1.0,1.0,0.8421423592553552,0.0,1.0,1.0,0.587524082207892,1.0,1.0,1.0,1.0,greedy,1.0,1.0,1.0,1.0,greedy,tie
121,53,2,1299,1.0,1.0,1.0,1.0,1.0,1.0,1.0,1.0,1.0,1.0,1.0,1.0,qaoa,1.0,1.0,1.0,1.0,qaoa,tie
122,52,3,1252,1.0,1.0,1.0,0.9469024295259745,1.0,1.0,1.0,0.9217868789962071,1.0,1.0,1.0,0.9469024295259745,greedy,1.0,1.0,1.0,0.9469024295259745,greedy,tie
123,45,3,1265,1.0,1.0,1.0,0.9674679834891693,1.0,1.0,1.0,1.0,1.0,1.0,1.0,1.0,greedy,1.0,1.0,1.0,1.0,greedy,tie
124,53,3,1282,1.0,1.0,1.0,1.0,1.0,1.0,1.0,1.0,1.0,1.0,1.0,1.0,greedy,1.0,1.0,1.0,1.0,greedy,tie
125,50,5,1295,1.0,1.0,1.0,0.951231200062686,1.0,1.0,1.0,0.8502983370860306,1.0,1.0,1.0,1.0,greedy,1.0,1.0,1.0,1.0,greedy,tie
126,44,4,1229,1.0,1.0,1.0,1.0,1.0,1.0,1.0,1.0,1.0,1.0,1.0,1.0,qaoa,1.0,1.0,1.0,1.0,qaoa,tie
127,44,3,1251,1.0,1.0,1.0,1.0,1.0,1.0,1.0,1.0,1.0,1.0,1.0,1.0,greedy,1.0,1.0,1.0,1.0,greedy,tie
128,49,2,1218,1.0,1.0,1.0,1.0,1.0,1.0,1.0,1.0,1.0,1.0,1.0,1.0,greedy,1.0,1.0,1.0,1.0,greedy,tie
129,51,2,1260,0.0,1.0,1.0,0.5012658353418871,0.0,1.0,1.0,0.45560514958746035,0.0,1.0,1.0,0.6934264036172708,qaoa,0.0,1.0,1.0,0.6934264036172708,qaoa,tie
130,47,2,1241,1.0,1.0,1.0,1.0,1.0,1.0,1.0,1.0,1.0,1.0,1.0,1.0,greedy,1.0,1.0,1.0,1.0,greedy,tie
131,44,3,1269,1.0,1.0,1.0,0.9469024295259745,1.0,1.0,1.0,1.0,1.0,1.0,1.0,1.0,greedy,1.0,1.0,1.0,1.0,greedy,tie
132,50,1,1265,1.0,1.0,1.0,1.0,1.0,1.0,1.0,1.0,1.0,1.0,1.0,1.0,greedy,1.0,1.0,1.0,1.0,greedy,tie
133,48,1,1267,1.0,1.0,1.0,1.0,1.0,1.0,1.0,1.0,1.0,1.0,1.0,1.0,qaoa,1.0,1.0,1.0,1.0,qaoa,tie
134,48,1,1235,1.0,1.0,1.0,1.0,0.0,0.0,0.0,0.0,0.0,0.0,1.0,0.3562071871080222,qaoa,0.0,0.0,1.0,0.3562071871080222,qaoa,chunked_cosine
135,46,1,1279,1.0,1.0,1.0,1.0,1.0,1.0,1.0,1.0,1.0,1.0,1.0,1.0,greedy,1.0,1.0,1.0,1.0,greedy,tie
136,51,1,1244,1.0,1.0,1.0,1.0,0.0,0.0,0.0,0.0,1.0,1.0,1.0,1.0,greedy,1.0,1.0,1.0,1.0,greedy,tie
137,46,1,1229,1.0,1.0,1.0,1.0,1.0,1.0,1.0,1.0,0.0,0.0,1.0,0.3562071871080222,qaoa,0.0,0.0,1.0,0.3562071871080222,qaoa,chunked_cosine
138,46,1,1275,0.0,1.0,1.0,0.6309297535714575,0.0,0.0,1.0,0.3562071871080222,0.0,0.0,1.0,0.3562071871080222,qaoa,0.0,0.0,1.0,0.3562071871080222,qaoa,chunked_cosine
139,46,1,1288,1.0,1.0,1.0,1.0,1.0,1.0,1.0,1.0,1.0,1.0,1.0,1.0,qaoa,1.0,1.0,1.0,1.0,qaoa,tie
140,51,1,1240,1.0,1.0,1.0,1.0,1.0,1.0,1.0,1.0,1.0,1.0,1.0,1.0,greedy,1.0,1.0,1.0,1.0,greedy,tie
141,49,1,1245,1.0,1.0,1.0,1.0,1.0,1.0,1.0,1.0,1.0,1.0,1.0,1.0,greedy,1.0,1.0,1.0,1.0,greedy,tie
142,55,1,1250,0.0,1.0,1.0,0.5,0.0,1.0,1.0,0.5,0.0,1.0,1.0,0.5,greedy,0.0,1.0,1.0,0.5,greedy,tie
143,45,1,1267,1.0,1.0,1.0,1.0,1.0,1.0,1.0,1.0,1.0,1.0,1.0,1.0,qaoa,1.0,1.0,1.0,1.0,qaoa,tie
144,48,1,1290,1.0,1.0,1.0,1.0,1.0,1.0,1.0,1.0,1.0,1.0,1.0,1.0,greedy,1.0,1.0,1.0,1.0,greedy,tie
145,43,1,1230,1.0,1.0,1.0,1.0,1.0,1.0,1.0,1.0,1.0,1.0,1.0,1.0,greedy,1.0,1.0,1.0,1.0,greedy,tie
146,46,1,1244,1.0,1.0,1.0,1.0,1.0,1.0,1.0,1.0,1.0,1.0,1.0,1.0,greedy,1.0,1.0,1.0,1.0,greedy,tie
147,44,1,1214,1.0,1.0,1.0,1.0,1.0,1.0,1.0,1.0,1.0,1.0,1.0,1.0,greedy,1.0,1.0,1.0,1.0,greedy,tie
148,51,1,1271,0.0,1.0,1.0,0.6309297535714575,1.0,1.0,1.0,1.0,0.0,1.0,1.0,0.6309297535714575,greedy,0.0,1.0,1.0,0.6309297535714575,greedy,tie
149,49,1,1249,1.0,1.0,1.0,1.0,1.0,1.0,1.0,1.0,1.0,1.0,1.0,1.0,greedy,1.0,1.0,1.0,1.0,greedy,tie
150,53,1,1253,1.0,1.0,1.0,1.0,1.0,1.0,1.0,1.0,1.0,1.0,1.0,1.0,qaoa,1.0,1.0,1.0,1.0,qaoa,tie
151,42,1,1289,1.0,1.0,1.0,1.0,1.0,1.0,1.0,1.0,0.0,0.0,1.0,0.3562071871080222,qaoa,0.0,0.0,1.0,0.3562071871080222,qaoa,chunked_cosine
152,44,1,1244,0.0,0.0,0.0,0.0,0.0,0.0,0.0,0.0,0.0,0.0,0.0,0.0,qaoa,0.0,0.0,0.0,0.0,qaoa,tie
153,47,1,1271,1.0,1.0,1.0,1.0,1.0,1.0,1.0,1.0,1.0,1.0,1.0,1.0,qaoa,1.0,1.0,1.0,1.0,qaoa,tie
154,45,1,1216,1.0,1.0,1.0,1.0,1.0,1.0,1.0,1.0,1.0,1.0,1.0,1.0,greedy,1.0,1.0,1.0,1.0,greedy,tie
155,47,1,1262,1.0,1.0,1.0,1.0,1.0,1.0,1.0,1.0,1.0,1.0,1.0,1.0,greedy,1.0,1.0,1.0,1.0,greedy,tie
156,49,1,1263,1.0,1.0,1.0,1.0,0.0,1.0,1.0,0.43067655807339306,1.0,1.0,1.0,1.0,greedy,1.0,1.0,1.0,1.0,greedy,tie
157,48,1,1259,1.0,1.0,1.0,1.0,1.0,1.0,1.0,1.0,1.0,1.0,1.0,1.0,qaoa,1.0,1.0,1.0,1.0,qaoa,tie
158,45,1,1242,0.0,1.0,1.0,0.6309297535714575,1.0,1.0,1.0,1.0,0.0,1.0,1.0,0.6309297535714575,greedy,0.0,1.0,1.0,0.6309297535714575,greedy,tie
159,52,1,1272,1.0,1.0,1.0,1.0,1.0,1.0,1.0,1.0,0.0,0.0,1.0,0.3562071871080222,qaoa,0.0,0.0,1.0,0.3562071871080222,qaoa,chunked_cosine
160,51,1,1257,0.0,1.0,1.0,0.43067655807339306,0.0,0.0,0.0,0.0,0.0,0.0,1.0,0.31546487678572877,qaoa,0.0,0.0,1.0,0.31546487678572877,qaoa,chunked_cosine
161,42,1,1270,1.0,1.0,1.0,1.0,1.0,1.0,1.0,1.0,1.0,1.0,1.0,1.0,greedy,1.0,1.0,1.0,1.0,greedy,tie
162,49,2,1256,0.0,1.0,1.0,0.6934264036172708,0.0,1.0,1.0,0.6509209298071326,0.0,1.0,1.0,0.6934264036172708,greedy,0.0,1.0,1.0,0.6934264036172708,greedy,tie
163,50,2,1265,1.0,1.0,1.0,1.0,1.0,1.0,1.0,0.9197207891481876,1.0,1.0,1.0,1.0,greedy,1.0,1.0,1.0,1.0,greedy,tie
164,42,2,1253,1.0,1.0,1.0,1.0,1.0,1.0,1.0,1.0,1.0,1.0,1.0,1.0,greedy,1.0,1.0,1.0,1.0,greedy,tie
165,50,2,1266,1.0,1.0,1.0,1.0,1.0,1.0,1.0,1.0,1.0,1.0,1.0,1.0,greedy,1.0,1.0,1.0,1.0,greedy,tie
166,45,2,1167,1.0,1.0,1.0,1.0,1.0,1.0,1.0,1.0,1.0,1.0,1.0,1.0,greedy,1.0,1.0,1.0,1.0,greedy,tie
167,47,2,1245,1.0,1.0,1.0,1.0,1.0,1.0,1.0,1.0,1.0,1.0,1.0,1.0,qaoa,1.0,1.0,1.0,1.0,qaoa,tie
168,51,2,1271,1.0,1.0,1.0,0.9197207891481876,1.0,1.0,1.0,0.9197207891481876,1.0,1.0,1.0,0.9197207891481876,greedy,1.0,1.0,1.0,0.9197207891481876,greedy,tie
169,51,2,1249,1.0,1.0,1.0,1.0,1.0,1.0,1.0,1.0,1.0,1.0,1.0,1.0,greedy,1.0,1.0,1.0,1.0,greedy,tie
170,45,2,1242,1.0,1.0,1.0,1.0,1.0,1.0,1.0,1.0,1.0,1.0,1.0,1.0,greedy,1.0,1.0,1.0,1.0,greedy,tie
171,51,2,1270,1.0,1.0,1.0,1.0,1.0,1.0,1.0,1.0,1.0,1.0,1.0,1.0,greedy,1.0,1.0,1.0,1.0,greedy,tie
172,48,2,1258,1.0,1.0,1.0,1.0,0.0,1.0,1.0,0.5802792108518124,1.0,1.0,1.0,1.0,greedy,1.0,1.0,1.0,1.0,greedy,tie
173,48,2,1265,1.0,1.0,1.0,1.0,1.0,1.0,1.0,1.0,1.0,1.0,1.0,1.0,greedy,1.0,1.0,1.0,1.0,greedy,tie
174,53,2,1261,1.0,1.0,1.0,1.0,1.0,1.0,1.0,1.0,1.0,1.0,1.0,1.0,greedy,1.0,1.0,1.0,1.0,greedy,tie
175,47,2,1258,0.0,1.0,1.0,0.6934264036172708,1.0,1.0,1.0,0.9197207891481876,1.0,1.0,1.0,1.0,qaoa,1.0,1.0,1.0,1.0,qaoa,tie
176,48,2,1265,1.0,1.0,1.0,1.0,1.0,1.0,1.0,1.0,1.0,1.0,1.0,1.0,greedy,1.0,1.0,1.0,1.0,greedy,tie
177,52,2,1222,0.0,1.0,1.0,0.6240505200038379,1.0,1.0,1.0,0.8772153153380493,0.0,1.0,1.0,0.5912352048230277,greedy,0.0,1.0,1.0,0.5912352048230277,greedy,tie
178,44,2,1249,1.0,1.0,1.0,1.0,1.0,1.0,1.0,1.0,1.0,1.0,1.0,1.0,greedy,1.0,1.0,1.0,1.0,greedy,tie
179,49,2,1258,1.0,1.0,1.0,1.0,1.0,1.0,1.0,1.0,1.0,1.0,1.0,1.0,qaoa,1.0,1.0,1.0,1.0,qaoa,tie
180,48,2,1265,1.0,1.0,1.0,1.0,1.0,1.0,1.0,1.0,1.0,1.0,1.0,1.0,greedy,1.0,1.0,1.0,1.0,greedy,tie
181,45,2,1280,1.0,1.0,1.0,1.0,0.0,0.0,1.0,0.41183384043543503,1.0,1.0,1.0,1.0,greedy,1.0,1.0,1.0,1.0,greedy,tie
182,48,2,1257,1.0,1.0,1.0,1.0,1.0,1.0,1.0,1.0,1.0,1.0,1.0,1.0,qaoa,1.0,1.0,1.0,1.0,qaoa,tie
183,45,2,1217,1.0,1.0,1.0,1.0,1.0,1.0,1.0,1.0,1.0,1.0,1.0,1.0,greedy,1.0,1.0,1.0,1.0,greedy,tie
184,46,2,1195,1.0,1.0,1.0,0.9197207891481876,0.0,1.0,1.0,0.23719771276929622,1.0,1.0,1.0,0.8503449055347546,greedy,1.0,1.0,1.0,0.8503449055347546,greedy,tie
185,43,2,1247,1.0,1.0,1.0,1.0,0.0,0.0,1.0,0.39564672360221187,1.0,1.0,1.0,1.0,greedy,1.0,1.0,1.0,1.0,greedy,tie
186,50,2,1245,1.0,1.0,1.0,1.0,1.0,1.0,1.0,1.0,1.0,1.0,1.0,1.0,greedy,1.0,1.0,1.0,1.0,greedy,tie
187,44,2,1202,1.0,1.0,1.0,0.9197207891481876,1.0,1.0,1.0,0.8772153153380493,1.0,1.0,1.0,0.9197207891481876,greedy,1.0,1.0,1.0,0.9197207891481876,greedy,tie
188,49,2,1253,1.0,1.0,1.0,1.0,1.0,1.0,1.0,1.0,1.0,1.0,1.0,1.0,greedy,1.0,1.0,1.0,1.0,greedy,tie
189,45,2,1277,1.0,1.0,1.0,1.0,1.0,1.0,1.0,1.0,1.0,1.0,1.0,1.0,greedy,1.0,1.0,1.0,1.0,greedy,tie
190,47,2,1281,1.0,1.0,1.0,1.0,1.0,1.0,1.0,1.0,1.0,1.0,1.0,1.0,qaoa,1.0,1.0,1.0,1.0,qaoa,tie
191,51,2,1270,1.0,1.0,1.0,1.0,1.0,1.0,1.0,1.0,1.0,1.0,1.0,1.0,greedy,1.0,1.0,1.0,1.0,greedy,tie
192,43,2,1276,1.0,1.0,1.0,0.9197207891481876,1.0,1.0,1.0,1.0,1.0,1.0,1.0,0.9197207891481876,greedy,1.0,1.0,1.0,0.9197207891481876,greedy,tie
193,49,2,1284,1.0,1.0,1.0,1.0,1.0,1.0,1.0,1.0,1.0,1.0,1.0,1.0,greedy,1.0,1.0,1.0,1.0,greedy,tie
194,51,2,1246,1.0,1.0,1.0,1.0,1.0,1.0,1.0,1.0,1.0,1.0,1.0,1.0,greedy,1.0,1.0,1.0,1.0,greedy,tie
195,42,2,1267,0.0,1.0,1.0,0.6052602440527057,0.0,1.0,1.0,0.5012658353418871,1.0,1.0,1.0,0.9197207891481876,qaoa,1.0,1.0,1.0,0.9197207891481876,qaoa,tie
196,45,2,1263,1.0,1.0,1.0,1.0,1.0,1.0,1.0,1.0,1.0,1.0,1.0,1.0,greedy,1.0,1.0,1.0,1.0,greedy,tie
197,45,2,1252,1.0,1.0,1.0,1.0,1.0,1.0,1.0,1.0,1.0,1.0,1.0,1.0,greedy,1.0,1.0,1.0,1.0,greedy,tie
198,43,2,1276,1.0,1.0,1.0,1.0,0.0,1.0,1.0,0.6934264036172708,1.0,1.0,1.0,1.0,greedy,1.0,1.0,1.0,1.0,greedy,tie
199,42,2,1241,1.0,1.0,1.0,0.8772153153380493,1.0,1.0,1.0,0.8772153153380493,1.0,1.0,1.0,0.8175295903539445,qaoa,1.0,1.0,1.0,0.8175295903539445,qaoa,tie
200,43,2,1245,1.0,1.0,1.0,1.0,1.0,1.0,1.0,1.0,1.0,1.0,1.0,1.0,greedy,1.0,1.0,1.0,1.0,greedy,tie
201,52,2,1273,1.0,1.0,1.0,1.0,1.0,1.0,1.0,1.0,1.0,1.0,1.0,1.0,greedy,1.0,1.0,1.0,1.0,greedy,tie
202,47,2,1238,1.0,1.0,1.0,1.0,1.0,1.0,1.0,1.0,1.0,1.0,1.0,1.0,greedy,1.0,1.0,1.0,1.0,greedy,tie
203,41,2,1244,1.0,1.0,1.0,0.8315546295836225,1.0,1.0,1.0,1.0,1.0,1.0,1.0,1.0,greedy,1.0,1.0,1.0,1.0,greedy,tie
204,48,2,1295,1.0,1.0,1.0,1.0,1.0,1.0,1.0,1.0,1.0,1.0,1.0,1.0,greedy,1.0,1.0,1.0,1.0,greedy,tie
205,44,2,1259,1.0,1.0,1.0,1.0,1.0,1.0,1.0,1.0,1.0,1.0,1.0,1.0,greedy,1.0,1.0,1.0,1.0,greedy,tie
206,54,2,1272,1.0,1.0,1.0,1.0,1.0,1.0,1.0,1.0,1.0,1.0,1.0,1.0,qaoa,1.0,1.0,1.0,1.0,qaoa,tie
207,49,2,1244,1.0,1.0,1.0,1.0,1.0,1.0,1.0,0.8772153153380493,1.0,1.0,1.0,1.0,greedy,1.0,1.0,1.0,1.0,greedy,tie
208,46,2,1236,1.0,1.0,1.0,0.8772153153380493,1.0,1.0,1.0,0.8772153153380493,1.0,1.0,1.0,0.8315546295836225,qaoa,1.0,1.0,1.0,0.8315546295836225,qaoa,tie
209,46,2,1305,1.0,1.0,1.0,1.0,1.0,1.0,1.0,1.0,1.0,1.0,1.0,1.0,greedy,1.0,1.0,1.0,1.0,greedy,tie
210,44,2,1236,1.0,1.0,1.0,1.0,1.0,1.0,1.0,1.0,1.0,1.0,1.0,1.0,qaoa,1.0,1.0,1.0,1.0,qaoa,tie
211,50,2,1284,1.0,1.0,1.0,1.0,1.0,1.0,1.0,1.0,1.0,1.0,1.0,1.0,greedy,1.0,1.0,1.0,1.0,greedy,tie
212,47,2,1263,1.0,1.0,1.0,1.0,0.0,1.0,1.0,0.6934264036172708,1.0,1.0,1.0,1.0,greedy,1.0,1.0,1.0,1.0,greedy,tie
213,49,2,1289,0.0,1.0,1.0,0.5109559939712153,0.0,1.0,1.0,0.6934264036172708,0.0,1.0,1.0,0.5706417189553201,greedy,0.0,1.0,1.0,0.5706417189553201,greedy,tie
214,42,2,1244,1.0,1.0,1.0,1.0,1.0,1.0,1.0,0.9197207891481876,1.0,1.0,1.0,1.0,greedy,1.0,1.0,1.0,1.0,greedy,tie
215,49,2,1259,1.0,1.0,1.0,1.0,1.0,1.0,1.0,1.0,1.0,1.0,1.0,1.0,qaoa,1.0,1.0,1.0,1.0,qaoa,tie
216,53,2,1230,1.0,1.0,1.0,0.9197207891481876,1.0,1.0,1.0,0.8503449055347546,1.0,1.0,1.0,0.9197207891481876,greedy,1.0,1.0,1.0,0.9197207891481876,greedy,tie
217,50,2,1235,1.0,1.0,1.0,1.0,1.0,1.0,1.0,1.0,1.0,1.0,1.0,0.8315546295836225,qaoa,1.0,1.0,1.0,0.8315546295836225,qaoa,tie
218,46,2,1229,1.0,1.0,1.0,1.0,1.0,1.0,1.0,1.0,1.0,1.0,1.0,1.0,greedy,1.0,1.0,1.0,1.0,greedy,tie
219,45,2,1232,1.0,1.0,1.0,1.0,1.0,1.0,1.0,1.0,1.0,1.0,1.0,1.0,qaoa,1.0,1.0,1.0,1.0,qaoa,tie
220,49,2,1277,0.0,1.0,1.0,0.6934264036172708,1.0,1.0,1.0,1.0,0.0,1.0,1.0,0.6934264036172708,greedy,0.0,1.0,1.0,0.6934264036172708,greedy,tie
221,45,2,1262,1.0,1.0,1.0,1.0,1.0,1.0,1.0,1.0,1.0,1.0,1.0,1.0,greedy,1.0,1.0,1.0,1.0,greedy,tie
222,47,2,1263,1.0,1.0,1.0,0.8772153153380493,0.0,1.0,1.0,0.6509209298071326,1.0,1.0,1.0,1.0,qaoa,1.0,1.0,1.0,1.0,qaoa,tie
223,47,2,1272,1.0,1.0,1.0,1.0,1.0,1.0,1.0,1.0,1.0,1.0,1.0,1.0,greedy,1.0,1.0,1.0,1.0,greedy,tie
224,45,2,1228,1.0,1.0,1.0,0.9197207891481876,1.0,1.0,1.0,0.9197207891481876,1.0,1.0,1.0,1.0,greedy,1.0,1.0,1.0,1.0,greedy,tie
225,48,2,1255,1.0,1.0,1.0,1.0,1.0,1.0,1.0,1.0,1.0,1.0,1.0,1.0,greedy,1.0,1.0,1.0,1.0,greedy,tie
226,47,2,1272,1.0,1.0,1.0,1.0,1.0,1.0,1.0,1.0,1.0,1.0,1.0,1.0,qaoa,1.0,1.0,1.0,1.0,qaoa,tie
227,49,2,1273,1.0,1.0,1.0,1.0,1.0,1.0,1.0,1.0,1.0,1.0,1.0,1.0,greedy,1.0,1.0,1.0,1.0,greedy,tie
228,53,2,1228,1.0,1.0,1.0,0.8503449055347546,0.0,1.0,1.0,0.6934264036172708,1.0,1.0,1.0,0.8772153153380493,qaoa,1.0,1.0,1.0,0.8772153153380493,qaoa,tie
229,48,2,1235,1.0,1.0,1.0,1.0,1.0,1.0,1.0,1.0,1.0,1.0,1.0,1.0,qaoa,1.0,1.0,1.0,1.0,qaoa,tie
230,53,2,1288,1.0,1.0,1.0,1.0,1.0,1.0,1.0,1.0,1.0,1.0,1.0,1.0,greedy,1.0,1.0,1.0,1.0,greedy,tie
231,48,2,1279,0.0,1.0,1.0,0.6240505200038379,1.0,1.0,1.0,0.8503449055347546,0.0,1.0,1.0,0.6509209298071326,greedy,0.0,1.0,1.0,0.6509209298071326,greedy,tie
232,50,2,1256,1.0,1.0,1.0,1.0,0.0,1.0,1.0,0.6934264036172708,1.0,1.0,1.0,1.0,greedy,1.0,1.0,1.0,1.0,greedy,tie
233,48,2,1278,1.0,1.0,1.0,1.0,1.0,1.0,1.0,0.9197207891481876,1.0,1.0,1.0,1.0,greedy,1.0,1.0,1.0,1.0,greedy,tie
234,47,3,1247,1.0,1.0,1.0,1.0,1.0,1.0,1.0,1.0,1.0,1.0,1.0,1.0,greedy,1.0,1.0,1.0,1.0,greedy,tie
235,49,1,1211,1.0,1.0,1.0,1.0,1.0,1.0,1.0,1.0,1.0,1.0,1.0,1.0,greedy,1.0,1.0,1.0,1.0,greedy,tie
236,46,4,1264,1.0,1.0,1.0,0.7365896932159578,0.0,1.0,1.0,0.43666325925534977,1.0,1.0,1.0,0.7246262544989281,greedy,1.0,1.0,1.0,0.7246262544989281,greedy,tie
237,46,2,1213,1.0,1.0,1.0,1.0,1.0,1.0,1.0,1.0,1.0,1.0,1.0,1.0,greedy,1.0,1.0,1.0,1.0,greedy,tie
238,49,3,1234,1.0,1.0,1.0,0.9060254355346823,1.0,1.0,1.0,0.8529278650606567,1.0,1.0,1.0,0.9060254355346823,greedy,1.0,1.0,1.0,0.9060254355346823,greedy,tie
239,43,1,1237,0.0,1.0,1.0,0.5,0.0,0.0,0.0,0.0,0.0,0.0,1.0,0.3562071871080222,greedy,0.0,0.0,1.0,0.3562071871080222,greedy,chunked_cosine
240,44,2,1304,1.0,1.0,1.0,1.0,1.0,1.0,1.0,1.0,1.0,1.0,1.0,1.0,greedy,1.0,1.0,1.0,1.0,greedy,tie
241,52,1,1244,1.0,1.0,1.0,1.0,0.0,0.0,1.0,0.3562071871080222,1.0,1.0,1.0,1.0,greedy,1.0,1.0,1.0,1.0,greedy,tie
242,54,2,1231,1.0,1.0,1.0,1.0,1.0,1.0,1.0,1.0,1.0,1.0,1.0,1.0,greedy,1.0,1.0,1.0,1.0,greedy,tie
243,53,2,1244,1.0,1.0,1.0,1.0,1.0,1.0,1.0,1.0,1.0,1.0,1.0,1.0,greedy,1.0,1.0,1.0,1.0,greedy,tie
244,45,1,1275,1.0,1.0,1.0,1.0,1.0,1.0,1.0,1.0,1.0,1.0,1.0,1.0,qaoa,1.0,1.0,1.0,1.0,qaoa,tie
245,44,2,1210,1.0,1.0,1.0,1.0,1.0,1.0,1.0,1.0,1.0,1.0,1.0,1.0,greedy,1.0,1.0,1.0,1.0,greedy,tie
246,51,2,1286,1.0,1.0,1.0,1.0,1.0,1.0,1.0,1.0,1.0,1.0,1.0,1.0,qaoa,1.0,1.0,1.0,1.0,qaoa,tie
247,52,3,1215,1.0,1.0,1.0,0.8854598815714874,0.0,1.0,1.0,0.5508095940041026,1.0,1.0,1.0,1.0,greedy,1.0,1.0,1.0,1.0,greedy,tie
248,48,1,1217,1.0,1.0,1.0,1.0,1.0,1.0,1.0,1.0,1.0,1.0,1.0,1.0,greedy,1.0,1.0,1.0,1.0,greedy,tie
249,47,1,1223,1.0,1.0,1.0,1.0,1.0,1.0,1.0,1.0,0.0,0.0,1.0,0.3562071871080222,qaoa,0.0,0.0,1.0,0.3562071871080222,qaoa,chunked_cosine
250,44,3,1307,1.0,1.0,1.0,1.0,1.0,1.0,1.0,1.0,1.0,1.0,1.0,1.0,greedy,1.0,1.0,1.0,1.0,greedy,tie
251,49,6,1250,1.0,1.0,1.0,0.8922108454754891,1.0,1.0,1.0,1.0,1.0,1.0,1.0,0.8922108454754891,greedy,1.0,1.0,1.0,0.8922108454754891,greedy,tie
252,56,2,1269,1.0,1.0,1.0,1.0,1.0,1.0,1.0,0.7977228895450266,1.0,1.0,1.0,1.0,greedy,1.0,1.0,1.0,1.0,greedy,tie
253,61,2,1260,1.0,1.0,1.0,1.0,1.0,1.0,1.0,1.0,1.0,1.0,1.0,1.0,greedy,1.0,1.0,1.0,1.0,greedy,tie
254,44,1,1215,0.0,1.0,1.0,0.38685280723454163,0.0,0.0,0.0,0.0,0.0,1.0,1.0,0.5,qaoa,0.0,1.0,1.0,0.5,qaoa,tie
255,48,6,1221,1.0,1.0,1.0,0.9322447939063515,1.0,1.0,1.0,0.9607686373130875,1.0,1.0,1.0,0.9484399158780439,greedy,1.0,1.0,1.0,0.9484399158780439,greedy,tie
256,48,2,1274,1.0,1.0,1.0,1.0,1.0,1.0,1.0,1.0,0.0,0.0,1.0,0.4227898344066503,qaoa,0.0,0.0,1.0,0.4227898344066503,qaoa,chunked_cosine
257,45,2,1242,1.0,1.0,1.0,1.0,1.0,1.0,1.0,1.0,1.0,1.0,1.0,1.0,greedy,1.0,1.0,1.0,1.0,greedy,tie
258,47,2,1261,1.0,1.0,1.0,1.0,1.0,1.0,1.0,1.0,1.0,1.0,1.0,1.0,greedy,1.0,1.0,1.0,1.0,greedy,tie
259,48,2,1252,1.0,1.0,1.0,1.0,1.0,1.0,1.0,0.8503449055347546,1.0,1.0,1.0,0.8315546295836225,qaoa,1.0,1.0,1.0,0.8315546295836225,qaoa,tie
260,45,3,1240,1.0,1.0,1.0,0.9066276098484507,1.0,1.0,1.0,0.8451850618939637,1.0,1.0,1.0,0.7720911544214064,greedy,1.0,1.0,1.0,0.7720911544214064,greedy,tie
261,43,2,1244,1.0,1.0,1.0,1.0,1.0,1.0,1.0,1.0,1.0,1.0,1.0,1.0,greedy,1.0,1.0,1.0,1.0,greedy,tie
262,46,3,1212,1.0,1.0,1.0,0.7653606369886217,1.0,1.0,1.0,0.9674679834891693,1.0,1.0,1.0,0.6508205185601091,greedy,1.0,1.0,1.0,0.6508205185601091,greedy,tie
263,46,2,1243,1.0,1.0,1.0,0.8503449055347546,1.0,1.0,1.0,0.9197207891481876,1.0,1.0,1.0,0.9197207891481876,greedy,1.0,1.0,1.0,0.9197207891481876,greedy,tie
264,50,5,1230,1.0,1.0,1.0,1.0,1.0,1.0,1.0,1.0,1.0,1.0,1.0,1.0,greedy,1.0,1.0,1.0,1.0,greedy,tie
265,49,2,1254,1.0,1.0,1.0,0.8503449055347546,1.0,1.0,1.0,1.0,1.0,1.0,1.0,0.9197207891481876,greedy,1.0,1.0,1.0,0.9197207891481876,greedy,tie
266,47,2,1259,0.0,1.0,1.0,0.6934264036172708,0.0,1.0,1.0,0.6934264036172708,0.0,1.0,1.0,0.6934264036172708,greedy,0.0,1.0,1.0,0.6934264036172708,greedy,tie
267,50,2,1300,1.0,1.0,1.0,1.0,1.0,1.0,1.0,1.0,1.0,1.0,1.0,1.0,qaoa,1.0,1.0,1.0,1.0,qaoa,tie
268,47,1,1227,0.0,1.0,1.0,0.6309297535714575,1.0,1.0,1.0,1.0,0.0,1.0,1.0,0.6309297535714575,qaoa,0.0,1.0,1.0,0.6309297535714575,qaoa,tie
269,47,5,1226,1.0,1.0,1.0,1.0,1.0,1.0,1.0,1.0,1.0,1.0,1.0,1.0,greedy,1.0,1.0,1.0,1.0,greedy,tie
270,47,2,1228,1.0,1.0,1.0,1.0,1.0,1.0,1.0,1.0,1.0,1.0,1.0,1.0,qaoa,1.0,1.0,1.0,1.0,qaoa,tie
271,45,2,1261,1.0,1.0,1.0,1.0,1.0,1.0,1.0,1.0,1.0,1.0,1.0,1.0,greedy,1.0,1.0,1.0,1.0,greedy,tie
272,48,1,1266,1.0,1.0,1.0,1.0,1.0,1.0,1.0,1.0,1.0,1.0,1.0,1.0,greedy,1.0,1.0,1.0,1.0,greedy,tie
273,52,2,1277,0.0,0.0,1.0,0.19342640361727081,0.0,1.0,1.0,0.6509209298071326,0.0,1.0,1.0,0.5706417189553201,greedy,0.0,1.0,1.0,0.5706417189553201,greedy,qaoa
274,45,1,1241,0.0,1.0,1.0,0.6309297535714575,1.0,1.0,1.0,1.0,1.0,1.0,1.0,1.0,qaoa,1.0,1.0,1.0,1.0,qaoa,tie
275,49,2,1280,1.0,1.0,1.0,1.0,1.0,1.0,1.0,1.0,1.0,1.0,1.0,1.0,greedy,1.0,1.0,1.0,1.0,greedy,tie
276,42,1,1272,1.0,1.0,1.0,1.0,1.0,1.0,1.0,1.0,1.0,1.0,1.0,1.0,qaoa,1.0,1.0,1.0,1.0,qaoa,tie
277,46,2,1259,1.0,1.0,1.0,1.0,1.0,1.0,1.0,1.0,1.0,1.0,1.0,1.0,greedy,1.0,1.0,1.0,1.0,greedy,tie
278,47,1,1235,1.0,1.0,1.0,1.0,1.0,1.0,1.0,1.0,0.0,0.0,1.0,0.3562071871080222,qaoa,0.0,0.0,1.0,0.3562071871080222,qaoa,chunked_cosine
279,44,1,1271,1.0,1.0,1.0,1.0,1.0,1.0,1.0,1.0,1.0,1.0,1.0,1.0,qaoa,1.0,1.0,1.0,1.0,qaoa,tie
280,53,1,1240,1.0,1.0,1.0,1.0,1.0,1.0,1.0,1.0,1.0,1.0,1.0,1.0,greedy,1.0,1.0,1.0,1.0,greedy,tie
281,42,1,1273,0.0,1.0,1.0,0.5,0.0,1.0,1.0,0.6309297535714575,0.0,1.0,1.0,0.5,greedy,0.0,1.0,1.0,0.5,greedy,tie
282,50,2,1261,1.0,1.0,1.0,1.0,1.0,1.0,1.0,0.8503449055347546,1.0,1.0,1.0,0.8315546295836225,greedy,1.0,1.0,1.0,0.8315546295836225,greedy,tie
283,46,2,1273,1.0,1.0,1.0,1.0,1.0,1.0,1.0,1.0,1.0,1.0,1.0,1.0,greedy,1.0,1.0,1.0,1.0,greedy,tie
284,54,3,1234,1.0,1.0,1.0,1.0,1.0,1.0,1.0,0.9674679834891693,1.0,1.0,1.0,1.0,qaoa,1.0,1.0,1.0,1.0,qaoa,tie
285,48,1,1282,1.0,1.0,1.0,1.0,1.0,1.0,1.0,1.0,1.0,1.0,1.0,1.0,qaoa,1.0,1.0,1.0,1.0,qaoa,tie
286,48,2,1246,0.0,1.0,1.0,0.6934264036172708,0.0,1.0,1.0,0.6934264036172708,1.0,1.0,1.0,1.0,qaoa,1.0,1.0,1.0,1.0,qaoa,tie
287,58,3,1241,1.0,1.0,1.0,0.6713860725233041,1.0,1.0,1.0,0.8529278650606567,1.0,1.0,1.0,0.6364391809889587,greedy,1.0,1.0,1.0,0.6364391809889587,greedy,tie
288,51,1,1268,0.0,1.0,1.0,0.5,0.0,0.0,1.0,0.3562071871080222,0.0,1.0,1.0,0.6309297535714575,qaoa,0.0,1.0,1.0,0.6309297535714575,qaoa,tie
289,42,4,1226,1.0,1.0,1.0,0.787702056960637,1.0,1.0,1.0,0.8927537907700456,1.0,1.0,1.0,0.8036070421010475,qaoa,1.0,1.0,1.0,0.8036070421010475,qaoa,tie
290,42,5,1232,1.0,1.0,1.0,0.9896062251871524,1.0,1.0,1.0,0.951231200062686,1.0,1.0,1.0,1.0,greedy,1.0,1.0,1.0,1.0,greedy,tie
291,50,2,1233,1.0,1.0,1.0,1.0,1.0,1.0,1.0,1.0,1.0,1.0,1.0,1.0,greedy,1.0,1.0,1.0,1.0,greedy,tie
292,43,5,1248,1.0,1.0,1.0,1.0,1.0,1.0,1.0,1.0,1.0,1.0,1.0,1.0,greedy,1.0,1.0,1.0,1.0,greedy,tie
293,51,2,1267,0.0,1.0,1.0,0.6240505200038379,1.0,1.0,1.0,0.7977228895450266,0.0,1.0,1.0,0.6934264036172708,qaoa,0.0,1.0,1.0,0.6934264036172708,qaoa,tie
294,46,2,1235,1.0,1.0,1.0,1.0,1.0,1.0,1.0,1.0,1.0,1.0,1.0,0.8315546295836225,qaoa,1.0,1.0,1.0,0.8315546295836225,qaoa,tie
295,49,2,1288,0.0,1.0,1.0,0.5802792108518124,0.0,1.0,1.0,0.6509209298071326,1.0,1.0,1.0,0.8772153153380493,qaoa,1.0,1.0,1.0,0.8772153153380493,qaoa,tie
296,48,1,1252,0.0,0.0,0.0,0.0,0.0,0.0,0.0,0.0,0.0,0.0,0.0,0.0,greedy,0.0,0.0,0.0,0.0,greedy,tie
297,50,2,1264,0.0,1.0,1.0,0.6934264036172708,0.0,1.0,1.0,0.5706417189553201,0.0,1.0,1.0,0.6934264036172708,greedy,0.0,1.0,1.0,0.6934264036172708,greedy,tie
298,53,2,1274,0.0,1.0,1.0,0.5249810332008933,1.0,1.0,1.0,0.8503449055347546,0.0,1.0,1.0,0.5012658353418871,greedy,0.0,1.0,1.0,0.5012658353418871,greedy,tie
299,43,2,1244,0.0,1.0,1.0,0.45560514958746035,1.0,1.0,1.0,0.8065735963827293,0.0,1.0,1.0,0.6934264036172708,qaoa,0.0,1.0,1.0,0.6934264036172708,qaoa,tie
300,43,2,1270,0.0,1.0,1.0,0.3065735963827292,0.0,0.0,0.0,0.0,0.0,0.0,1.0,0.19342640361727081,qaoa,0.0,0.0,1.0,0.19342640361727081,qaoa,chunked_cosine
301,47,3,1274,1.0,1.0,1.0,0.8854598815714874,1.0,1.0,1.0,0.9060254355346823,1.0,1.0,1.0,0.8529278650606567,greedy,1.0,1.0,1.0,0.8529278650606567,greedy,tie
302,43,2,1256,0.0,0.0,1.0,0.17723928678404774,0.0,1.0,1.0,0.45560514958746035,0.0,1.0,1.0,0.5012658353418871,greedy,0.0,1.0,1.0,0.5012658353418871,greedy,qaoa
303,43,1,1279,0.0,1.0,1.0,0.38685280723454163,0.0,1.0,1.0,0.6309297535714575,0.0,1.0,1.0,0.5,greedy,0.0,1.0,1.0,0.5,greedy,tie
304,50,1,1273,1.0,1.0,1.0,1.0,0.0,0.0,1.0,0.3010299956639812,1.0,1.0,1.0,1.0,greedy,1.0,1.0,1.0,1.0,greedy,tie
305,44,2,1231,0.0,1.0,1.0,0.45749452618986164,1.0,1.0,1.0,1.0,0.0,1.0,1.0,0.6934264036172708,greedy,0.0,1.0,1.0,0.6934264036172708,greedy,tie
306,45,3,1277,1.0,1.0,1.0,1.0,1.0,1.0,1.0,1.0,1.0,1.0,1.0,1.0,greedy,1.0,1.0,1.0,1.0,greedy,tie
307,47,2,1265,1.0,1.0,1.0,1.0,1.0,1.0,1.0,1.0,1.0,1.0,1.0,1.0,greedy,1.0,1.0,1.0,1.0,greedy,tie
308,44,2,1250,1.0,1.0,1.0,1.0,1.0,1.0,1.0,1.0,1.0,1.0,1.0,1.0,qaoa,1.0,1.0,1.0,1.0,qaoa,tie
309,45,2,1221,1.0,1.0,1.0,1.0,1.0,1.0,1.0,1.0,1.0,1.0,1.0,1.0,greedy,1.0,1.0,1.0,1.0,greedy,tie
310,42,2,1285,1.0,1.0,1.0,1.0,1.0,1.0,1.0,1.0,1.0,1.0,1.0,1.0,greedy,1.0,1.0,1.0,1.0,greedy,tie
311,47,2,1273,1.0,1.0,1.0,1.0,0.0,1.0,1.0,0.6934264036172708,1.0,1.0,1.0,1.0,greedy,1.0,1.0,1.0,1.0,greedy,tie
312,54,2,1264,1.0,1.0,1.0,1.0,1.0,1.0,1.0,1.0,1.0,1.0,1.0,1.0,qaoa,1.0,1.0,1.0,1.0,qaoa,tie
313,51,2,1235,1.0,1.0,1.0,1.0,1.0,1.0,1.0,1.0,1.0,1.0,1.0,1.0,greedy,1.0,1.0,1.0,1.0,greedy,tie
314,46,2,1285,1.0,1.0,1.0,1.0,1.0,1.0,1.0,1.0,1.0,1.0,1.0,1.0,qaoa,1.0,1.0,1.0,1.0,qaoa,tie
315,45,2,1214,1.0,1.0,1.0,0.9197207891481876,0.0,1.0,1.0,0.46845052016107697,1.0,1.0,1.0,1.0,greedy,1.0,1.0,1.0,1.0,greedy,tie
316,50,5,1276,1.0,1.0,1.0,0.9896062251871524,0.0,1.0,1.0,0.781651097425878,1.0,1.0,1.0,1.0,greedy,1.0,1.0,1.0,1.0,greedy,tie
317,53,2,1205,1.0,1.0,1.0,1.0,1.0,1.0,1.0,1.0,1.0,1.0,1.0,1.0,qaoa,1.0,1.0,1.0,1.0,qaoa,tie
318,46,2,1256,1.0,1.0,1.0,1.0,1.0,1.0,1.0,0.8175295903539445,1.0,1.0,1.0,1.0,qaoa,1.0,1.0,1.0,1.0,qaoa,tie
319,46,2,1273,1.0,1.0,1.0,1.0,1.0,1.0,1.0,1.0,1.0,1.0,1.0,1.0,greedy,1.0,1.0,1.0,1.0,greedy,tie
320,48,2,1232,1.0,1.0,1.0,1.0,1.0,1.0,1.0,1.0,1.0,1.0,1.0,1.0,qaoa,1.0,1.0,1.0,1.0,qaoa,tie
321,47,6,1232,1.0,1.0,1.0,0.9783978399515039,1.0,1.0,1.0,0.8626199664389337,1.0,1.0,1.0,1.0,greedy,1.0,1.0,1.0,1.0,greedy,tie
322,42,2,1269,1.0,1.0,1.0,0.8503449055347546,1.0,1.0,1.0,0.8772153153380493,1.0,1.0,1.0,1.0,qaoa,1.0,1.0,1.0,1.0,qaoa,tie
323,46,2,1214,1.0,1.0,1.0,1.0,1.0,1.0,1.0,1.0,1.0,1.0,1.0,1.0,greedy,1.0,1.0,1.0,1.0,greedy,tie
324,42,2,1235,1.0,1.0,1.0,1.0,0.0,1.0,1.0,0.6934264036172708,1.0,1.0,1.0,1.0,greedy,1.0,1.0,1.0,1.0,greedy,tie
325,47,2,1281,1.0,1.0,1.0,1.0,1.0,1.0,1.0,0.9197207891481876,1.0,1.0,1.0,1.0,greedy,1.0,1.0,1.0,1.0,greedy,tie
326,48,3,1257,1.0,1.0,1.0,1.0,1.0,1.0,1.0,1.0,1.0,1.0,1.0,1.0,greedy,1.0,1.0,1.0,1.0,greedy,tie
327,41,2,1244,1.0,1.0,1.0,1.0,1.0,1.0,1.0,1.0,1.0,1.0,1.0,1.0,greedy,1.0,1.0,1.0,1.0,greedy,tie
328,47,2,1195,1.0,1.0,1.0,0.9197207891481876,1.0,1.0,1.0,0.9197207891481876,1.0,1.0,1.0,1.0,greedy,1.0,1.0,1.0,1.0,greedy,tie
329,52,2,1237,1.0,1.0,1.0,1.0,1.0,1.0,1.0,1.0,1.0,1.0,1.0,1.0,greedy,1.0,1.0,1.0,1.0,greedy,tie
330,45,2,1261,1.0,1.0,1.0,1.0,1.0,1.0,1.0,1.0,1.0,1.0,1.0,1.0,greedy,1.0,1.0,1.0,1.0,greedy,tie
331,50,2,1227,1.0,1.0,1.0,1.0,1.0,1.0,1.0,1.0,1.0,1.0,1.0,1.0,greedy,1.0,1.0,1.0,1.0,greedy,tie
332,56,2,1279,1.0,1.0,1.0,1.0,1.0,1.0,1.0,1.0,1.0,1.0,1.0,1.0,greedy,1.0,1.0,1.0,1.0,greedy,tie
333,46,2,1221,1.0,1.0,1.0,1.0,1.0,1.0,1.0,1.0,1.0,1.0,1.0,1.0,greedy,1.0,1.0,1.0,1.0,greedy,tie
334,47,2,1255,1.0,1.0,1.0,1.0,1.0,1.0,1.0,1.0,1.0,1.0,1.0,1.0,qaoa,1.0,1.0,1.0,1.0,qaoa,tie
335,46,3,1293,1.0,1.0,1.0,0.9060254355346823,0.0,1.0,1.0,0.7328286204777911,1.0,1.0,1.0,0.9060254355346823,greedy,1.0,1.0,1.0,0.9060254355346823,greedy,tie
336,46,2,1226,1.0,1.0,1.0,1.0,1.0,1.0,1.0,1.0,1.0,1.0,1.0,1.0,greedy,1.0,1.0,1.0,1.0,greedy,tie
337,50,2,1263,1.0,1.0,1.0,1.0,1.0,1.0,1.0,1.0,1.0,1.0,1.0,1.0,greedy,1.0,1.0,1.0,1.0,greedy,tie
338,51,2,1263,1.0,1.0,1.0,1.0,1.0,1.0,1.0,1.0,1.0,1.0,1.0,1.0,greedy,1.0,1.0,1.0,1.0,greedy,tie
339,49,2,1281,1.0,1.0,1.0,1.0,1.0,1.0,1.0,1.0,1.0,1.0,1.0,1.0,greedy,1.0,1.0,1.0,1.0,greedy,tie
340,42,2,1256,1.0,1.0,1.0,1.0,1.0,1.0,1.0,1.0,1.0,1.0,1.0,1.0,greedy,1.0,1.0,1.0,1.0,greedy,tie
341,49,2,1249,1.0,1.0,1.0,1.0,1.0,1.0,1.0,0.9197207891481876,1.0,1.0,1.0,1.0,greedy,1.0,1.0,1.0,1.0,greedy,tie
342,53,2,1257,0.0,1.0,1.0,0.6934264036172708,0.0,1.0,1.0,0.6240505200038379,0.0,1.0,1.0,0.6934264036172708,greedy,0.0,1.0,1.0,0.6934264036172708,greedy,tie
343,50,2,1209,1.0,1.0,1.0,0.8503449055347546,1.0,1.0,1.0,0.8175295903539445,1.0,1.0,1.0,0.8772153153380493,greedy,1.0,1.0,1.0,0.8772153153380493,greedy,tie
344,52,2,1258,1.0,1.0,1.0,1.0,1.0,1.0,1.0,1.0,1.0,1.0,1.0,1.0,greedy,1.0,1.0,1.0,1.0,greedy,tie
345,49,2,1304,1.0,1.0,1.0,1.0,1.0,1.0,1.0,1.0,1.0,1.0,1.0,1.0,greedy,1.0,1.0,1.0,1.0,greedy,tie
346,45,2,1281,1.0,1.0,1.0,1.0,1.0,1.0,1.0,1.0,1.0,1.0,1.0,1.0,greedy,1.0,1.0,1.0,1.0,greedy,tie
347,42,3,1285,1.0,1.0,1.0,0.9674679834891693,1.0,1.0,1.0,0.9469024295259745,1.0,1.0,1.0,0.9325210919548239,qaoa,1.0,1.0,1.0,0.9325210919548239,qaoa,tie
348,50,2,1287,1.0,1.0,1.0,1.0,1.0,1.0,1.0,1.0,1.0,1.0,1.0,1.0,qaoa,1.0,1.0,1.0,1.0,qaoa,tie
349,45,3,1230,1.0,1.0,1.0,1.0,1.0,1.0,1.0,1.0,1.0,1.0,1.0,1.0,greedy,1.0,1.0,1.0,1.0,greedy,tie
350,41,3,1264,1.0,1.0,1.0,1.0,1.0,1.0,1.0,1.0,1.0,1.0,1.0,1.0,greedy,1.0,1.0,1.0,1.0,greedy,tie
351,49,2,1241,1.0,1.0,1.0,1.0,1.0,1.0,1.0,1.0,0.0,0.0,1.0,0.4227898344066503,qaoa,0.0,0.0,1.0,0.4227898344066503,qaoa,chunked_cosine
352,45,2,1239,1.0,1.0,1.0,1.0,1.0,1.0,1.0,1.0,1.0,1.0,1.0,0.9197207891481876,greedy,1.0,1.0,1.0,0.9197207891481876,greedy,tie
353,46,2,1281,1.0,1.0,1.0,1.0,1.0,1.0,1.0,0.8503449055347546,1.0,1.0,1.0,1.0,greedy,1.0,1.0,1.0,1.0,greedy,tie
354,45,2,1226,1.0,1.0,1.0,1.0,1.0,1.0,1.0,1.0,1.0,1.0,1.0,1.0,greedy,1.0,1.0,1.0,1.0,greedy,tie
355,45,2,1232,1.0,1.0,1.0,1.0,1.0,1.0,1.0,1.0,1.0,1.0,1.0,1.0,greedy,1.0,1.0,1.0,1.0,greedy,tie
356,50,2,1235,1.0,1.0,1.0,0.8772153153380493,0.0,1.0,1.0,0.5012658353418871,1.0,1.0,1.0,1.0,greedy,1.0,1.0,1.0,1.0,greedy,tie
357,51,2,1253,1.0,1.0,1.0,1.0,1.0,1.0,1.0,1.0,1.0,1.0,1.0,1.0,greedy,1.0,1.0,1.0,1.0,greedy,tie
358,48,2,1215,1.0,1.0,1.0,1.0,1.0,1.0,1.0,1.0,1.0,1.0,1.0,1.0,greedy,1.0,1.0,1.0,1.0,greedy,tie
359,41,2,1235,0.0,1.0,1.0,0.6934264036172708,0.0,1.0,1.0,0.6934264036172708,0.0,1.0,1.0,0.6934264036172708,greedy,0.0,1.0,1.0,0.6934264036172708,greedy,tie
360,50,2,1259,1.0,1.0,1.0,1.0,1.0,1.0,1.0,1.0,1.0,1.0,1.0,1.0,qaoa,1.0,1.0,1.0,1.0,qaoa,tie
361,44,2,1219,1.0,1.0,1.0,0.9197207891481876,1.0,1.0,1.0,0.8315546295836225,1.0,1.0,1.0,0.9197207891481876,greedy,1.0,1.0,1.0,0.9197207891481876,greedy,tie
362,44,2,1274,1.0,1.0,1.0,0.9197207891481876,1.0,1.0,1.0,0.9197207891481876,1.0,1.0,1.0,1.0,greedy,1.0,1.0,1.0,1.0,greedy,tie
363,53,2,1257,1.0,1.0,1.0,0.8503449055347546,1.0,1.0,1.0,0.9197207891481876,1.0,1.0,1.0,0.8315546295836225,greedy,1.0,1.0,1.0,0.8315546295836225,greedy,tie
364,47,2,1256,1.0,1.0,1.0,1.0,1.0,1.0,1.0,1.0,1.0,1.0,1.0,1.0,greedy,1.0,1.0,1.0,1.0,greedy,tie
365,49,2,1237,1.0,1.0,1.0,1.0,1.0,1.0,1.0,1.0,1.0,1.0,1.0,1.0,greedy,1.0,1.0,1.0,1.0,greedy,tie
366,40,2,1232,1.0,1.0,1.0,0.9197207891481876,1.0,1.0,1.0,0.9197207891481876,1.0,1.0,1.0,0.9197207891481876,greedy,1.0,1.0,1.0,0.9197207891481876,greedy,tie
367,47,2,1212,1.0,1.0,1.0,1.0,1.0,1.0,1.0,1.0,1.0,1.0,1.0,1.0,greedy,1.0,1.0,1.0,1.0,greedy,tie
368,47,2,1242,1.0,1.0,1.0,1.0,1.0,1.0,1.0,0.8503449055347546,1.0,1.0,1.0,1.0,greedy,1.0,1.0,1.0,1.0,greedy,tie
369,39,2,1251,1.0,1.0,1.0,1.0,1.0,1.0,1.0,1.0,1.0,1.0,1.0,1.0,qaoa,1.0,1.0,1.0,1.0,qaoa,tie
370,48,2,1276,1.0,1.0,1.0,1.0,0.0,1.0,1.0,0.3065735963827292,1.0,1.0,1.0,1.0,greedy,1.0,1.0,1.0,1.0,greedy,tie
371,49,2,1258,1.0,1.0,1.0,1.0,0.0,1.0,1.0,0.6509209298071326,1.0,1.0,1.0,1.0,greedy,1.0,1.0,1.0,1.0,greedy,tie
372,53,2,1281,1.0,1.0,1.0,1.0,1.0,1.0,1.0,1.0,1.0,1.0,1.0,1.0,greedy,1.0,1.0,1.0,1.0,greedy,tie
373,51,2,1274,1.0,1.0,1.0,1.0,1.0,1.0,1.0,1.0,1.0,1.0,1.0,1.0,greedy,1.0,1.0,1.0,1.0,greedy,tie
374,51,2,1250,1.0,1.0,1.0,0.9197207891481876,1.0,1.0,1.0,1.0,1.0,1.0,1.0,1.0,greedy,1.0,1.0,1.0,1.0,greedy,tie
375,53,2,1209,1.0,1.0,1.0,1.0,1.0,1.0,1.0,1.0,1.0,1.0,1.0,1.0,greedy,1.0,1.0,1.0,1.0,greedy,tie
376,50,2,1302,1.0,1.0,1.0,1.0,1.0,1.0,1.0,1.0,1.0,1.0,1.0,1.0,qaoa,1.0,1.0,1.0,1.0,qaoa,tie
377,44,2,1275,1.0,1.0,1.0,1.0,0.0,1.0,1.0,0.6934264036172708,1.0,1.0,1.0,0.9197207891481876,greedy,1.0,1.0,1.0,0.9197207891481876,greedy,tie
378,42,2,1232,0.0,1.0,1.0,0.6934264036172708,0.0,1.0,1.0,0.6934264036172708,0.0,1.0,1.0,0.6934264036172708,greedy,0.0,1.0,1.0,0.6934264036172708,greedy,tie
379,46,2,1275,1.0,1.0,1.0,1.0,1.0,1.0,1.0,0.6131471927654584,1.0,1.0,1.0,1.0,qaoa,1.0,1.0,1.0,1.0,qaoa,tie
380,52,2,1237,1.0,1.0,1.0,1.0,1.0,1.0,1.0,0.9197207891481876,1.0,1.0,1.0,1.0,greedy,1.0,1.0,1.0,1.0,greedy,tie
381,45,2,1230,1.0,1.0,1.0,1.0,0.0,1.0,1.0,0.5912352048230277,1.0,1.0,1.0,1.0,qaoa,1.0,1.0,1.0,1.0,qaoa,tie
382,45,2,1277,0.0,1.0,1.0,0.6934264036172708,0.0,1.0,1.0,0.5249810332008933,0.0,1.0,1.0,0.6934264036172708,greedy,0.0,1.0,1.0,0.6934264036172708,greedy,tie
383,53,2,1278,1.0,1.0,1.0,1.0,1.0,1.0,1.0,0.8503449055347546,1.0,1.0,1.0,1.0,greedy,1.0,1.0,1.0,1.0,greedy,tie
384,45,2,1217,1.0,1.0,1.0,0.9197207891481876,1.0,1.0,1.0,1.0,1.0,1.0,1.0,0.9197207891481876,qaoa,1.0,1.0,1.0,0.9197207891481876,qaoa,tie
385,48,2,1248,1.0,1.0,1.0,1.0,1.0,1.0,1.0,1.0,1.0,1.0,1.0,1.0,greedy,1.0,1.0,1.0,1.0,greedy,tie
386,49,2,1274,1.0,1.0,1.0,1.0,1.0,1.0,1.0,1.0,1.0,1.0,1.0,1.0,greedy,1.0,1.0,1.0,1.0,greedy,tie
387,49,2,1215,1.0,1.0,1.0,0.8772153153380493,1.0,1.0,1.0,0.6131471927654584,1.0,1.0,1.0,0.8503449055347546,greedy,1.0,1.0,1.0,0.8503449055347546,greedy,tie
388,49,2,1276,1.0,1.0,1.0,1.0,1.0,1.0,1.0,1.0,1.0,1.0,1.0,1.0,greedy,1.0,1.0,1.0,1.0,greedy,tie
389,46,2,1245,1.0,1.0,1.0,1.0,1.0,1.0,1.0,1.0,1.0,1.0,1.0,1.0,greedy,1.0,1.0,1.0,1.0,greedy,tie
390,51,2,1278,1.0,1.0,1.0,1.0,1.0,1.0,1.0,0.9197207891481876,1.0,1.0,1.0,1.0,greedy,1.0,1.0,1.0,1.0,greedy,tie
391,49,2,1296,1.0,1.0,1.0,1.0,1.0,1.0,1.0,1.0,1.0,1.0,1.0,1.0,greedy,1.0,1.0,1.0,1.0,greedy,tie
392,51,2,1253,1.0,1.0,1.0,1.0,1.0,1.0,1.0,1.0,1.0,1.0,1.0,1.0,greedy,1.0,1.0,1.0,1.0,greedy,tie
393,46,2,1264,1.0,1.0,1.0,0.8772153153380493,1.0,1.0,1.0,0.9197207891481876,1.0,1.0,1.0,0.9197207891481876,greedy,1.0,1.0,1.0,0.9197207891481876,greedy,tie
394,47,2,1251,1.0,1.0,1.0,1.0,0.0,1.0,1.0,0.6934264036172708,1.0,1.0,1.0,1.0,qaoa,1.0,1.0,1.0,1.0,qaoa,tie
395,51,2,1252,1.0,1.0,1.0,1.0,1.0,1.0,1.0,1.0,1.0,1.0,1.0,1.0,qaoa,1.0,1.0,1.0,1.0,qaoa,tie
396,51,2,1259,1.0,1.0,1.0,1.0,1.0,1.0,1.0,1.0,1.0,1.0,1.0,1.0,greedy,1.0,1.0,1.0,1.0,greedy,tie
397,44,2,1215,1.0,1.0,1.0,1.0,1.0,1.0,1.0,1.0,1.0,1.0,1.0,1.0,greedy,1.0,1.0,1.0,1.0,greedy,tie
398,48,2,1260,1.0,1.0,1.0,1.0,1.0,1.0,1.0,1.0,1.0,1.0,1.0,1.0,greedy,1.0,1.0,1.0,1.0,greedy,tie
399,48,2,1285,1.0,1.0,1.0,1.0,1.0,1.0,1.0,1.0,1.0,1.0,1.0,1.0,greedy,1.0,1.0,1.0,1.0,greedy,tie
400,50,2,1269,1.0,1.0,1.0,1.0,1.0,1.0,1.0,1.0,1.0,1.0,1.0,1.0,greedy,1.0,1.0,1.0,1.0,greedy,tie
401,49,2,1265,1.0,1.0,1.0,1.0,1.0,1.0,1.0,1.0,1.0,1.0,1.0,1.0,greedy,1.0,1.0,1.0,1.0,greedy,tie
402,46,2,1240,1.0,1.0,1.0,1.0,1.0,1.0,1.0,0.9197207891481876,1.0,1.0,1.0,1.0,greedy,1.0,1.0,1.0,1.0,greedy,tie
403,44,2,1232,1.0,1.0,1.0,1.0,1.0,1.0,1.0,1.0,1.0,1.0,1.0,1.0,qaoa,1.0,1.0,1.0,1.0,qaoa,tie
404,50,2,1286,1.0,1.0,1.0,1.0,1.0,1.0,1.0,1.0,1.0,1.0,1.0,1.0,greedy,1.0,1.0,1.0,1.0,greedy,tie
405,48,2,1246,1.0,1.0,1.0,1.0,1.0,1.0,1.0,0.9197207891481876,1.0,1.0,1.0,1.0,greedy,1.0,1.0,1.0,1.0,greedy,tie
406,49,2,1273,1.0,1.0,1.0,1.0,1.0,1.0,1.0,1.0,1.0,1.0,1.0,1.0,greedy,1.0,1.0,1.0,1.0,greedy,tie
407,51,2,1261,1.0,1.0,1.0,1.0,1.0,1.0,1.0,0.9197207891481876,1.0,1.0,1.0,1.0,greedy,1.0,1.0,1.0,1.0,greedy,tie
408,47,2,1209,1.0,1.0,1.0,1.0,1.0,1.0,1.0,0.8503449055347546,1.0,1.0,1.0,0.8315546295836225,qaoa,1.0,1.0,1.0,0.8315546295836225,qaoa,tie
409,48,2,1269,1.0,1.0,1.0,1.0,1.0,1.0,1.0,0.8772153153380493,1.0,1.0,1.0,1.0,greedy,1.0,1.0,1.0,1.0,greedy,tie
410,44,2,1237,1.0,1.0,1.0,1.0,1.0,1.0,1.0,0.8315546295836225,1.0,1.0,1.0,1.0,greedy,1.0,1.0,1.0,1.0,greedy,tie
411,40,2,1238,1.0,1.0,1.0,0.9197207891481876,1.0,1.0,1.0,0.9197207891481876,1.0,1.0,1.0,1.0,greedy,1.0,1.0,1.0,1.0,greedy,tie
412,47,2,1267,1.0,1.0,1.0,1.0,1.0,1.0,1.0,1.0,1.0,1.0,1.0,1.0,greedy,1.0,1.0,1.0,1.0,greedy,tie
413,44,2,1236,1.0,1.0,1.0,1.0,0.0,1.0,1.0,0.6934264036172708,1.0,1.0,1.0,0.9197207891481876,greedy,1.0,1.0,1.0,0.9197207891481876,greedy,tie
414,48,2,1255,1.0,1.0,1.0,1.0,1.0,1.0,1.0,1.0,1.0,1.0,1.0,1.0,greedy,1.0,1.0,1.0,1.0,greedy,tie
415,47,2,1261,1.0,1.0,1.0,1.0,1.0,1.0,1.0,0.9197207891481876,1.0,1.0,1.0,1.0,qaoa,1.0,1.0,1.0,1.0,qaoa,tie
416,50,2,1223,1.0,1.0,1.0,1.0,1.0,1.0,1.0,1.0,1.0,1.0,1.0,1.0,greedy,1.0,1.0,1.0,1.0,greedy,tie
417,41,2,1249,1.0,1.0,1.0,1.0,1.0,1.0,1.0,1.0,1.0,1.0,1.0,1.0,greedy,1.0,1.0,1.0,1.0,greedy,tie
418,53,2,1193,1.0,1.0,1.0,1.0,1.0,1.0,1.0,1.0,1.0,1.0,1.0,1.0,greedy,1.0,1.0,1.0,1.0,greedy,tie
419,47,2,1271,1.0,1.0,1.0,1.0,1.0,1.0,1.0,1.0,1.0,1.0,1.0,1.0,greedy,1.0,1.0,1.0,1.0,greedy,tie
420,49,2,1241,1.0,1.0,1.0,1.0,1.0,1.0,1.0,1.0,1.0,1.0,1.0,1.0,greedy,1.0,1.0,1.0,1.0,greedy,tie
421,47,2,1197,1.0,1.0,1.0,1.0,1.0,1.0,1.0,1.0,1.0,1.0,1.0,1.0,greedy,1.0,1.0,1.0,1.0,greedy,tie
422,55,2,1252,1.0,1.0,1.0,1.0,1.0,1.0,1.0,1.0,1.0,1.0,1.0,1.0,greedy,1.0,1.0,1.0,1.0,greedy,tie
423,44,2,1249,1.0,1.0,1.0,1.0,1.0,1.0,1.0,1.0,1.0,1.0,1.0,1.0,greedy,1.0,1.0,1.0,1.0,greedy,tie
424,46,2,1264,1.0,1.0,1.0,1.0,1.0,1.0,1.0,1.0,1.0,1.0,1.0,1.0,greedy,1.0,1.0,1.0,1.0,greedy,tie
425,51,2,1274,1.0,1.0,1.0,1.0,1.0,1.0,1.0,1.0,1.0,1.0,1.0,1.0,greedy,1.0,1.0,1.0,1.0,greedy,tie
426,44,2,1236,1.0,1.0,1.0,1.0,1.0,1.0,1.0,1.0,1.0,1.0,1.0,1.0,greedy,1.0,1.0,1.0,1.0,greedy,tie
427,48,2,1237,1.0,1.0,1.0,1.0,1.0,1.0,1.0,0.8503449055347546,1.0,1.0,1.0,1.0,greedy,1.0,1.0,1.0,1.0,greedy,tie
428,45,2,1226,1.0,1.0,1.0,1.0,1.0,1.0,1.0,1.0,1.0,1.0,1.0,1.0,greedy,1.0,1.0,1.0,1.0,greedy,tie
429,48,2,1265,0.0,1.0,1.0,0.6934264036172708,0.0,1.0,1.0,0.6509209298071326,0.0,1.0,1.0,0.6509209298071326,greedy,0.0,1.0,1.0,0.6509209298071326,greedy,tie
430,45,2,1269,1.0,1.0,1.0,1.0,1.0,1.0,1.0,1.0,1.0,1.0,1.0,1.0,greedy,1.0,1.0,1.0,1.0,greedy,tie
431,48,2,1254,1.0,1.0,1.0,1.0,1.0,1.0,1.0,1.0,1.0,1.0,1.0,1.0,greedy,1.0,1.0,1.0,1.0,greedy,tie
432,51,2,1241,1.0,1.0,1.0,1.0,1.0,1.0,1.0,0.6131471927654584,1.0,1.0,1.0,1.0,greedy,1.0,1.0,1.0,1.0,greedy,tie
433,46,2,1266,1.0,1.0,1.0,1.0,1.0,1.0,1.0,1.0,1.0,1.0,1.0,1.0,greedy,1.0,1.0,1.0,1.0,greedy,tie
434,48,2,1285,1.0,1.0,1.0,1.0,1.0,1.0,1.0,1.0,1.0,1.0,1.0,1.0,greedy,1.0,1.0,1.0,1.0,greedy,tie
435,44,2,1232,1.0,1.0,1.0,0.9197207891481876,0.0,1.0,1.0,0.5437713091520254,1.0,1.0,1.0,1.0,greedy,1.0,1.0,1.0,1.0,greedy,tie
436,46,2,1250,1.0,1.0,1.0,1.0,0.0,1.0,1.0,0.45560514958746035,1.0,1.0,1.0,1.0,greedy,1.0,1.0,1.0,1.0,greedy,tie
437,52,2,1277,1.0,1.0,1.0,1.0,1.0,1.0,1.0,0.6131471927654584,1.0,1.0,1.0,1.0,greedy,1.0,1.0,1.0,1.0,greedy,tie
438,46,2,1237,1.0,1.0,1.0,1.0,1.0,1.0,1.0,1.0,1.0,1.0,1.0,1.0,greedy,1.0,1.0,1.0,1.0,greedy,tie
439,50,2,1225,1.0,1.0,1.0,1.0,1.0,1.0,1.0,1.0,1.0,1.0,1.0,1.0,greedy,1.0,1.0,1.0,1.0,greedy,tie
440,45,2,1254,1.0,1.0,1.0,1.0,1.0,1.0,1.0,1.0,1.0,1.0,1.0,1.0,greedy,1.0,1.0,1.0,1.0,greedy,tie
441,43,2,1270,1.0,1.0,1.0,1.0,1.0,1.0,1.0,0.8315546295836225,1.0,1.0,1.0,1.0,greedy,1.0,1.0,1.0,1.0,greedy,tie
442,46,2,1274,1.0,1.0,1.0,1.0,1.0,1.0,1.0,1.0,1.0,1.0,1.0,1.0,greedy,1.0,1.0,1.0,1.0,greedy,tie
443,49,2,1209,1.0,1.0,1.0,1.0,1.0,1.0,1.0,1.0,1.0,1.0,1.0,1.0,greedy,1.0,1.0,1.0,1.0,greedy,tie
444,48,1,1240,1.0,1.0,1.0,1.0,1.0,1.0,1.0,1.0,1.0,1.0,1.0,1.0,qaoa,1.0,1.0,1.0,1.0,qaoa,tie
445,44,1,1252,1.0,1.0,1.0,1.0,1.0,1.0,1.0,1.0,0.0,0.0,1.0,0.3562071871080222,qaoa,0.0,0.0,1.0,0.3562071871080222,qaoa,chunked_cosine
446,45,1,1246,1.0,1.0,1.0,1.0,1.0,1.0,1.0,1.0,1.0,1.0,1.0,1.0,greedy,1.0,1.0,1.0,1.0,greedy,tie
447,50,1,1234,1.0,1.0,1.0,1.0,1.0,1.0,1.0,1.0,1.0,1.0,1.0,1.0,qaoa,1.0,1.0,1.0,1.0,qaoa,tie
448,49,1,1256,1.0,1.0,1.0,1.0,1.0,1.0,1.0,1.0,1.0,1.0,1.0,1.0,greedy,1.0,1.0,1.0,1.0,greedy,tie
449,48,1,1271,1.0,1.0,1.0,1.0,1.0,1.0,1.0,1.0,1.0,1.0,1.0,1.0,qaoa,1.0,1.0,1.0,1.0,qaoa,tie
450,62,1,1249,1.0,1.0,1.0,1.0,1.0,1.0,1.0,1.0,1.0,1.0,1.0,1.0,greedy,1.0,1.0,1.0,1.0,greedy,tie
451,47,1,1253,1.0,1.0,1.0,1.0,1.0,1.0,1.0,1.0,1.0,1.0,1.0,1.0,qaoa,1.0,1.0,1.0,1.0,qaoa,tie
452,50,1,1240,1.0,1.0,1.0,1.0,1.0,1.0,1.0,1.0,1.0,1.0,1.0,1.0,greedy,1.0,1.0,1.0,1.0,greedy,tie
453,50,1,1284,1.0,1.0,1.0,1.0,1.0,1.0,1.0,1.0,1.0,1.0,1.0,1.0,greedy,1.0,1.0,1.0,1.0,greedy,tie
454,46,1,1251,1.0,1.0,1.0,1.0,1.0,1.0,1.0,1.0,1.0,1.0,1.0,1.0,qaoa,1.0,1.0,1.0,1.0,qaoa,tie
455,50,1,1248,1.0,1.0,1.0,1.0,1.0,1.0,1.0,1.0,1.0,1.0,1.0,1.0,greedy,1.0,1.0,1.0,1.0,greedy,tie
456,48,1,1252,1.0,1.0,1.0,1.0,1.0,1.0,1.0,1.0,1.0,1.0,1.0,1.0,greedy,1.0,1.0,1.0,1.0,greedy,tie
457,47,1,1257,1.0,1.0,1.0,1.0,1.0,1.0,1.0,1.0,1.0,1.0,1.0,1.0,qaoa,1.0,1.0,1.0,1.0,qaoa,tie
458,50,1,1277,1.0,1.0,1.0,1.0,1.0,1.0,1.0,1.0,1.0,1.0,1.0,1.0,greedy,1.0,1.0,1.0,1.0,greedy,tie
459,47,1,1247,1.0,1.0,1.0,1.0,1.0,1.0,1.0,1.0,1.0,1.0,1.0,1.0,greedy,1.0,1.0,1.0,1.0,greedy,tie
460,50,1,1274,1.0,1.0,1.0,1.0,1.0,1.0,1.0,1.0,0.0,0.0,1.0,0.3562071871080222,qaoa,0.0,0.0,1.0,0.3562071871080222,qaoa,chunked_cosine
461,46,1,1250,1.0,1.0,1.0,1.0,1.0,1.0,1.0,1.0,0.0,0.0,1.0,0.3562071871080222,qaoa,0.0,0.0,1.0,0.3562071871080222,qaoa,chunked_cosine
462,55,1,1296,1.0,1.0,1.0,1.0,1.0,1.0,1.0,1.0,1.0,1.0,1.0,1.0,greedy,1.0,1.0,1.0,1.0,greedy,tie
463,45,1,1244,1.0,1.0,1.0,1.0,1.0,1.0,1.0,1.0,1.0,1.0,1.0,1.0,greedy,1.0,1.0,1.0,1.0,greedy,tie
464,48,1,1257,1.0,1.0,1.0,1.0,1.0,1.0,1.0,1.0,1.0,1.0,1.0,1.0,greedy,1.0,1.0,1.0,1.0,greedy,tie
465,44,1,1244,1.0,1.0,1.0,1.0,1.0,1.0,1.0,1.0,1.0,1.0,1.0,1.0,greedy,1.0,1.0,1.0,1.0,greedy,tie
466,44,1,1252,1.0,1.0,1.0,1.0,1.0,1.0,1.0,1.0,0.0,0.0,1.0,0.3562071871080222,qaoa,0.0,0.0,1.0,0.3562071871080222,qaoa,chunked_cosine
467,48,1,1266,1.0,1.0,1.0,1.0,1.0,1.0,1.0,1.0,1.0,1.0,1.0,1.0,greedy,1.0,1.0,1.0,1.0,greedy,tie
468,56,1,1242,1.0,1.0,1.0,1.0,1.0,1.0,1.0,1.0,1.0,1.0,1.0,1.0,greedy,1.0,1.0,1.0,1.0,greedy,tie
469,47,1,1251,1.0,1.0,1.0,1.0,1.0,1.0,1.0,1.0,1.0,1.0,1.0,1.0,greedy,1.0,1.0,1.0,1.0,greedy,tie
470,46,1,1238,1.0,1.0,1.0,1.0,1.0,1.0,1.0,1.0,1.0,1.0,1.0,1.0,greedy,1.0,1.0,1.0,1.0,greedy,tie
471,47,1,1225,1.0,1.0,1.0,1.0,1.0,1.0,1.0,1.0,1.0,1.0,1.0,1.0,greedy,1.0,1.0,1.0,1.0,greedy,tie
472,46,1,1299,1.0,1.0,1.0,1.0,1.0,1.0,1.0,1.0,1.0,1.0,1.0,1.0,greedy,1.0,1.0,1.0,1.0,greedy,tie
473,44,1,1258,1.0,1.0,1.0,1.0,1.0,1.0,1.0,1.0,1.0,1.0,1.0,1.0,qaoa,1.0,1.0,1.0,1.0,qaoa,tie
474,44,1,1267,1.0,1.0,1.0,1.0,1.0,1.0,1.0,1.0,1.0,1.0,1.0,1.0,greedy,1.0,1.0,1.0,1.0,greedy,tie
475,53,1,1279,1.0,1.0,1.0,1.0,1.0,1.0,1.0,1.0,0.0,0.0,1.0,0.3562071871080222,qaoa,0.0,0.0,1.0,0.3562071871080222,qaoa,chunked_cosine
476,47,1,1243,1.0,1.0,1.0,1.0,1.0,1.0,1.0,1.0,1.0,1.0,1.0,1.0,greedy,1.0,1.0,1.0,1.0,greedy,tie
477,50,1,1281,1.0,1.0,1.0,1.0,1.0,1.0,1.0,1.0,0.0,0.0,1.0,0.3562071871080222,qaoa,0.0,0.0,1.0,0.3562071871080222,qaoa,chunked_cosine
478,54,1,1294,1.0,1.0,1.0,1.0,1.0,1.0,1.0,1.0,1.0,1.0,1.0,1.0,greedy,1.0,1.0,1.0,1.0,greedy,tie
479,49,1,1237,1.0,1.0,1.0,1.0,1.0,1.0,1.0,1.0,1.0,1.0,1.0,1.0,qaoa,1.0,1.0,1.0,1.0,qaoa,tie
480,42,1,1240,1.0,1.0,1.0,1.0,1.0,1.0,1.0,1.0,1.0,1.0,1.0,1.0,greedy,1.0,1.0,1.0,1.0,greedy,tie
481,45,1,1255,1.0,1.0,1.0,1.0,1.0,1.0,1.0,1.0,0.0,0.0,1.0,0.3562071871080222,qaoa,0.0,0.0,1.0,0.3562071871080222,qaoa,chunked_cosine
482,48,1,1252,1.0,1.0,1.0,1.0,1.0,1.0,1.0,1.0,1.0,1.0,1.0,1.0,greedy,1.0,1.0,1.0,1.0,greedy,tie
483,53,1,1270,1.0,1.0,1.0,1.0,1.0,1.0,1.0,1.0,1.0,1.0,1.0,1.0,qaoa,1.0,1.0,1.0,1.0,qaoa,tie
484,52,1,1258,1.0,1.0,1.0,1.0,1.0,1.0,1.0,1.0,1.0,1.0,1.0,1.0,greedy,1.0,1.0,1.0,1.0,greedy,tie
485,53,1,1263,1.0,1.0,1.0,1.0,1.0,1.0,1.0,1.0,1.0,1.0,1.0,1.0,greedy,1.0,1.0,1.0,1.0,greedy,tie
486,43,1,1230,1.0,1.0,1.0,1.0,1.0,1.0,1.0,1.0,0.0,0.0,1.0,0.3562071871080222,qaoa,0.0,0.0,1.0,0.3562071871080222,qaoa,chunked_cosine
487,49,1,1227,1.0,1.0,1.0,1.0,0.0,1.0,1.0,0.38685280723454163,1.0,1.0,1.0,1.0,qaoa,1.0,1.0,1.0,1.0,qaoa,tie
488,49,1,1230,1.0,1.0,1.0,1.0,1.0,1.0,1.0,1.0,1.0,1.0,1.0,1.0,qaoa,1.0,1.0,1.0,1.0,qaoa,tie
489,53,1,1281,1.0,1.0,1.0,1.0,1.0,1.0,1.0,1.0,1.0,1.0,1.0,1.0,greedy,1.0,1.0,1.0,1.0,greedy,tie
490,47,1,1228,1.0,1.0,1.0,1.0,1.0,1.0,1.0,1.0,1.0,1.0,1.0,1.0,qaoa,1.0,1.0,1.0,1.0,qaoa,tie
491,50,1,1241,1.0,1.0,1.0,1.0,1.0,1.0,1.0,1.0,1.0,1.0,1.0,1.0,greedy,1.0,1.0,1.0,1.0,greedy,tie
492,55,1,1264,1.0,1.0,1.0,1.0,1.0,1.0,1.0,1.0,1.0,1.0,1.0,1.0,qaoa,1.0,1.0,1.0,1.0,qaoa,tie
493,50,1,1227,1.0,1.0,1.0,1.0,1.0,1.0,1.0,1.0,1.0,1.0,1.0,1.0,greedy,1.0,1.0,1.0,1.0,greedy,tie
494,47,1,1270,1.0,1.0,1.0,1.0,1.0,1.0,1.0,1.0,0.0,0.0,1.0,0.3562071871080222,qaoa,0.0,0.0,1.0,0.3562071871080222,qaoa,chunked_cosine
495,51,1,1249,1.0,1.0,1.0,1.0,1.0,1.0,1.0,1.0,1.0,1.0,1.0,1.0,greedy,1.0,1.0,1.0,1.0,greedy,tie
496,50,1,1288,1.0,1.0,1.0,1.0,1.0,1.0,1.0,1.0,1.0,1.0,1.0,1.0,greedy,1.0,1.0,1.0,1.0,greedy,tie
497,45,1,1258,1.0,1.0,1.0,1.0,1.0,1.0,1.0,1.0,1.0,1.0,1.0,1.0,greedy,1.0,1.0,1.0,1.0,greedy,tie
498,51,1,1254,1.0,1.0,1.0,1.0,1.0,1.0,1.0,1.0,1.0,1.0,1.0,1.0,qaoa,1.0,1.0,1.0,1.0,qaoa,tie
499,50,1,1222,1.0,1.0,1.0,1.0,1.0,1.0,1.0,1.0,1.0,1.0,1.0,1.0,qaoa,1.0,1.0,1.0,1.0,qaoa,tie
